Overtime,Score Difference,Map_Ascent,Map_Bind,Map_Breeze,Map_Haven,Map_Icebox,Map_Lotus,Map_Split,Map_Sunset,Team 1_0,Team 1_1,Team 1_2,Team 1_3,Team 1_4,Team 1_5,Team 2_0,Team 2_1,Team 2_2,Team 2_3,Team 2_4,Team 2_5,pick_team_1,pick_team_2,remaining_map,Recent Form Difference,Win Rate Difference
0,3,0,0,1,0,0,0,0,0,0,0,0,0,0,1,0,0,0,0,0,1,0,1,0,0.0,0.0
0,5,1,0,0,0,0,0,0,0,0,0,0,0,0,1,0,0,0,0,0,1,1,0,0,0.0,0.0
0,2,0,1,0,0,0,0,0,0,0,0,0,0,1,0,0,0,0,0,1,0,1,0,0,0.0,0.0
0,-5,0,0,0,0,0,0,1,0,0,0,0,0,1,0,0,0,0,0,1,0,0,1,0,0.0,0.0
0,3,0,0,0,0,0,1,0,0,0,0,0,0,1,0,0,0,0,0,1,0,0,0,1,0.0,0.0
0,2,0,0,0,0,0,0,1,0,0,0,0,0,1,1,0,0,0,0,1,1,0,1,0,0.0,0.0
0,4,1,0,0,0,0,0,0,0,0,0,0,0,1,1,0,0,0,0,1,1,1,0,0,0.0,0.0
0,4,0,1,0,0,0,0,0,0,0,0,0,1,0,0,0,0,0,1,0,0,0,1,0,0.0,0.0
0,-10,0,0,0,0,0,0,1,0,0,0,0,1,0,0,0,0,0,1,0,0,1,0,0,0.0,0.0
0,2,0,0,0,0,1,0,0,0,0,0,0,1,0,0,0,0,0,1,0,0,0,0,1,0.0,0.0
0,4,0,0,0,0,1,0,0,0,0,0,0,1,0,1,0,0,0,1,0,1,0,1,0,0.0,0.0
0,-4,0,0,0,0,0,0,0,1,0,0,0,1,0,1,0,0,0,1,0,1,1,0,0,0.0,0.0
0,-2,1,0,0,0,0,0,0,0,0,0,0,1,0,1,0,0,0,1,0,1,0,0,1,0.0,0.0
0,-4,0,0,0,0,0,0,1,0,0,0,0,1,1,0,0,0,0,0,1,0,0,1,0,-4.0,-0.3333333333333333
0,-2,0,0,1,0,0,0,0,0,0,0,0,1,1,0,0,0,0,0,1,0,1,0,0,-4.0,-0.3333333333333333
0,8,0,0,0,0,0,1,0,0,0,0,0,1,1,1,0,0,0,1,0,0,0,1,0,-4.333333333333333,-0.3333333333333333
0,-7,0,1,0,0,0,0,0,0,0,0,0,1,1,1,0,0,0,1,0,0,1,0,0,-4.333333333333333,-0.3333333333333333
0,5,0,0,0,0,0,0,1,0,0,0,0,1,1,1,0,0,0,1,0,0,0,0,1,-4.333333333333333,-0.3333333333333333
0,6,0,0,0,0,0,0,0,1,0,0,0,0,0,1,0,0,0,1,1,0,0,1,0,4.0,0.33333333333333337
1,2,1,0,0,0,0,0,0,0,0,0,0,0,0,1,0,0,0,1,1,0,1,0,0,4.0,0.33333333333333337
0,-2,0,1,0,0,0,0,0,0,0,0,0,0,1,1,0,0,0,1,1,1,0,1,0,4.333333333333333,0.33333333333333337
0,3,0,0,0,0,0,0,1,0,0,0,0,0,1,1,0,0,0,1,1,1,1,0,0,4.333333333333333,0.33333333333333337
0,6,1,0,0,0,0,0,0,0,0,0,0,0,1,1,0,0,0,1,1,1,0,0,1,4.333333333333333,0.33333333333333337
1,-2,0,0,0,0,0,0,0,1,0,0,1,0,0,0,0,0,1,0,0,0,1,0,0,0.6666666666666666,0.16666666666666663
0,-2,0,0,0,0,1,0,0,0,0,0,1,0,0,0,0,0,1,0,0,0,0,1,0,0.6666666666666666,0.16666666666666663
1,-2,0,1,0,0,0,0,0,0,0,0,0,0,1,0,0,0,0,0,1,0,1,0,0,-2.8,-0.19999999999999996
0,-4,1,0,0,0,0,0,0,0,0,0,0,0,1,0,0,0,0,0,1,0,0,1,0,-2.8,-0.19999999999999996
0,-10,0,0,0,0,0,0,1,0,0,0,0,1,0,0,0,0,0,0,1,1,0,1,0,-1.8333333333333333,0.09999999999999998
0,7,0,0,1,0,0,0,0,0,0,0,0,1,0,0,0,0,0,0,1,1,1,0,0,-1.8333333333333333,0.09999999999999998
0,-4,0,1,0,0,0,0,0,0,0,0,0,1,0,0,0,0,0,0,1,1,0,0,1,-1.8333333333333333,0.09999999999999998
0,5,0,0,0,0,0,0,1,0,0,0,1,0,0,0,0,0,1,0,0,1,0,1,0,0.2666666666666666,0.06666666666666671
0,5,0,0,0,0,0,0,0,1,0,0,1,0,0,0,0,0,1,0,0,1,1,0,0,0.2666666666666666,0.06666666666666671
0,-6,0,0,0,0,0,0,1,0,0,0,1,0,0,1,0,0,0,0,1,1,0,1,0,0.8392857142857142,0.2142857142857143
0,-7,1,0,0,0,0,0,0,0,0,0,1,0,0,1,0,0,0,0,1,1,1,0,0,0.8392857142857142,0.2142857142857143
0,-4,0,0,0,0,0,0,0,1,0,0,1,0,0,0,0,0,0,0,1,0,1,0,0,1.3095238095238093,0.015873015873015817
1,2,0,0,0,0,0,0,1,0,0,0,1,0,0,0,0,0,0,0,1,0,0,1,0,1.3095238095238093,0.015873015873015817
0,-3,0,0,1,0,0,0,0,0,0,0,1,0,0,0,0,0,0,0,1,0,0,0,1,1.3095238095238093,0.015873015873015817
0,5,0,0,0,0,0,0,0,1,0,0,0,1,1,1,0,0,0,1,0,1,1,0,0,3.107142857142857,0.09999999999999998
0,-4,0,0,1,0,0,0,0,0,0,0,0,1,1,1,0,0,0,1,0,1,0,1,0,3.107142857142857,0.09999999999999998
0,-4,0,0,0,0,0,0,1,0,0,0,0,1,1,1,0,0,0,1,0,1,0,0,1,3.107142857142857,0.09999999999999998
0,6,1,0,0,0,0,0,0,0,0,0,1,0,1,0,0,0,1,0,1,0,0,1,0,-0.6000000000000001,0.19999999999999996
0,-6,0,0,0,0,1,0,0,0,0,0,1,0,1,0,0,0,1,0,1,0,1,0,0,-0.6000000000000001,0.19999999999999996
0,-8,0,0,0,0,0,0,0,1,0,0,1,0,1,0,0,0,1,0,1,0,0,0,1,-0.6000000000000001,0.19999999999999996
1,-2,0,0,0,0,0,0,0,1,0,0,0,0,0,1,0,0,0,0,1,1,0,1,0,1.875,0.46153846153846156
0,5,1,0,0,0,0,0,0,0,0,0,0,0,0,1,0,0,0,0,1,1,1,0,0,1.875,0.46153846153846156
0,-10,0,0,0,0,0,0,1,0,0,0,0,0,0,1,0,0,0,0,1,1,0,0,1,1.875,0.46153846153846156
0,-4,0,0,0,0,0,0,0,1,0,0,0,0,1,1,0,0,0,0,1,1,1,0,0,0.5,0.1875
0,-10,0,0,0,0,0,0,1,0,0,0,0,0,1,1,0,0,0,0,1,1,0,1,0,0.5,0.1875
0,2,0,0,0,0,1,0,0,0,0,0,0,0,1,1,0,0,0,0,1,1,1,0,0,0.5,0.1875
0,5,0,1,0,0,0,0,0,0,0,0,0,0,1,1,0,0,0,0,1,1,0,1,0,0.5,0.1875
0,-9,0,0,0,0,0,1,0,0,0,0,0,0,1,1,0,0,0,0,1,1,0,0,1,0.5,0.1875
1,2,0,0,1,0,0,0,0,0,0,0,1,0,1,1,0,0,1,0,1,1,0,1,0,0.0,0.0
0,7,0,0,0,0,0,1,0,0,0,0,1,0,1,1,0,0,1,0,1,1,1,0,0,0.0,0.0
0,2,0,0,0,0,1,0,0,0,0,0,1,1,0,0,0,0,1,1,0,0,0,1,0,0.0,0.0
0,-2,0,0,0,0,0,0,1,0,0,0,1,1,0,0,0,0,1,1,0,0,1,0,0,0.0,0.0
0,5,0,0,0,0,0,0,0,1,0,0,1,1,0,0,0,0,1,1,0,0,0,0,1,0.0,0.0
0,3,0,1,0,0,0,0,0,0,0,0,1,1,0,1,0,0,1,1,0,1,0,1,0,0.0,0.0
0,6,0,0,0,0,1,0,0,0,0,0,1,1,0,1,0,0,1,1,0,1,1,0,0,0.0,0.0
0,-5,0,0,1,0,0,0,0,0,0,0,1,1,1,0,0,0,1,1,1,0,0,1,0,0.0,0.0
0,-10,1,0,0,0,0,0,0,0,0,0,1,1,1,0,0,0,1,1,1,0,1,0,0,0.0,0.0
0,5,0,0,0,0,0,1,0,0,0,0,1,1,1,1,0,0,1,1,1,1,0,1,0,0.0,0.0
0,5,0,0,1,0,0,0,0,0,0,0,1,1,1,1,0,0,1,1,1,1,1,0,0,0.0,0.0
0,3,0,0,1,0,0,0,0,0,0,0,1,1,0,0,0,1,0,0,0,0,1,0,0,1.6666666666666667,0.16666666666666663
0,-3,0,0,0,0,0,1,0,0,0,0,1,1,0,0,0,1,0,0,0,0,0,1,0,1.6666666666666667,0.16666666666666663
0,-6,0,0,0,0,0,0,0,1,0,0,1,1,0,0,0,1,0,0,0,0,0,0,1,1.6666666666666667,0.16666666666666663
0,-4,0,0,0,0,0,0,0,1,0,1,0,0,0,0,0,0,1,1,0,1,0,1,0,0.0,0.0
0,3,0,0,0,0,1,0,0,0,0,1,0,0,0,0,0,0,1,1,0,1,1,0,0,0.0,0.0
0,-2,0,0,0,0,0,0,1,0,0,1,0,0,0,0,0,0,1,1,0,1,0,0,1,0.0,0.0
0,-2,1,0,0,0,0,0,0,0,0,0,1,0,1,1,0,1,0,0,0,1,0,1,0,0.0,0.0
0,9,0,0,0,0,0,1,0,0,0,0,1,0,1,1,0,1,0,0,0,1,1,0,0,0.0,0.0
0,6,0,0,0,0,0,0,0,1,0,0,1,0,1,1,0,1,0,0,0,1,0,0,1,0.0,0.0
0,-6,0,0,0,0,0,1,0,0,0,1,0,0,0,1,0,1,0,0,1,0,1,0,0,2.5,0.0
0,-2,0,0,1,0,0,0,0,0,0,1,0,0,0,1,0,1,0,0,1,0,0,1,0,2.5,0.0
0,3,0,0,0,0,0,0,1,0,0,0,1,1,1,1,0,0,1,1,1,0,1,0,0,-2.5,0.0
0,5,1,0,0,0,0,0,0,0,0,0,1,1,1,1,0,0,1,1,1,0,0,1,0,-2.5,0.0
0,6,0,0,0,0,0,1,0,0,0,0,1,1,0,0,0,0,1,1,0,0,0,1,0,1.5000000000000002,0.16666666666666669
0,-3,0,0,1,0,0,0,0,0,0,0,1,1,0,0,0,0,1,1,0,0,1,0,0,1.5000000000000002,0.16666666666666669
0,2,0,0,0,0,1,0,0,0,0,0,1,1,0,0,0,0,1,1,0,0,0,0,1,1.5000000000000002,0.16666666666666669
0,-5,0,0,1,0,0,0,0,0,0,1,0,0,1,0,0,1,0,0,1,0,0,1,0,3.5,0.0
0,-6,1,0,0,0,0,0,0,0,0,1,0,0,1,0,0,1,0,0,1,0,1,0,0,3.5,0.0
0,5,0,1,0,0,0,0,0,0,0,0,1,1,0,1,0,0,1,1,0,1,0,1,0,0.3999999999999999,0.19999999999999996
0,10,0,0,0,0,0,1,0,0,0,0,1,1,0,1,0,0,1,1,0,1,1,0,0,0.3999999999999999,0.19999999999999996
0,8,0,0,1,0,0,0,0,0,0,0,1,1,1,0,0,1,0,0,1,1,1,0,0,0.2222222222222222,0.11111111111111105
0,-4,0,0,0,0,0,1,0,0,0,0,1,1,1,0,0,1,0,0,1,1,0,1,0,0.2222222222222222,0.11111111111111105
1,-2,0,0,0,0,1,0,0,0,0,0,1,1,1,0,0,1,0,0,1,1,0,0,1,0.2222222222222222,0.11111111111111105
0,-12,0,0,0,0,1,0,0,0,0,0,1,1,0,1,0,1,0,0,1,0,0,1,0,-1.4285714285714286,0.15873015873015872
0,-5,1,0,0,0,0,0,0,0,0,0,1,1,0,1,0,1,0,0,1,0,1,0,0,-1.4285714285714286,0.15873015873015872
0,7,0,0,0,0,1,0,0,0,0,0,1,1,0,0,0,1,0,0,0,1,1,0,0,1.8095238095238095,0.02777777777777779
0,9,1,0,0,0,0,0,0,0,0,0,1,1,0,0,0,1,0,0,0,1,0,1,0,1.8095238095238095,0.02777777777777779
1,-2,0,0,0,0,0,0,1,0,0,0,1,0,1,1,0,1,0,0,0,0,0,1,0,2.4000000000000004,0.13333333333333341
0,-7,1,0,0,0,0,0,0,0,0,0,1,0,1,1,0,1,0,0,0,0,1,0,0,2.4000000000000004,0.13333333333333341
1,-2,0,1,0,0,0,0,0,0,0,0,1,1,1,1,0,1,0,0,1,1,1,0,0,2.125,0.3571428571428571
0,-5,0,0,0,0,0,1,0,0,0,0,1,1,1,1,0,1,0,0,1,1,0,1,0,2.125,0.3571428571428571
0,-8,1,0,0,0,0,0,0,0,0,1,0,0,1,1,0,1,0,0,1,1,0,1,0,0.0,0.11250000000000004
0,9,0,0,0,0,0,0,1,0,0,1,0,0,1,1,0,1,0,0,1,1,1,0,0,0.0,0.11250000000000004
0,-2,0,0,0,0,0,1,0,0,0,1,0,0,1,1,0,1,0,0,1,1,0,1,0,0.0,0.11250000000000004
0,-9,0,1,0,0,0,0,0,0,0,1,0,0,1,1,0,1,0,0,1,1,1,0,0,0.0,0.11250000000000004
0,-2,0,0,0,0,0,1,0,0,0,1,0,1,0,0,0,1,0,1,0,0,0,1,0,0.0,0.0
0,-3,0,1,0,0,0,0,0,0,0,1,0,1,0,0,0,1,0,1,0,0,1,0,0,0.0,0.0
0,-2,0,0,0,0,0,0,1,0,0,1,0,1,0,1,0,1,0,1,0,1,0,1,0,0.0,0.0
0,3,0,0,0,0,0,0,0,1,0,1,0,1,0,1,0,1,0,1,0,1,1,0,0,0.0,0.0
0,-9,0,0,0,0,0,1,0,0,0,1,0,1,0,1,0,1,0,1,0,1,0,0,1,0.0,0.0
0,-5,0,1,0,0,0,0,0,0,0,1,0,1,1,0,0,1,0,1,1,0,1,0,0,0.0,0.0
0,7,1,0,0,0,0,0,0,0,0,1,0,1,1,0,0,1,0,1,1,0,0,1,0,0.0,0.0
0,7,0,0,1,0,0,0,0,0,0,1,0,1,1,0,0,1,0,1,1,0,0,0,1,0.0,0.0
0,3,0,0,0,0,1,0,0,0,0,1,0,1,1,1,0,1,0,1,1,1,1,0,0,0.0,0.0
0,2,0,1,0,0,0,0,0,0,0,1,0,1,1,1,0,1,0,1,1,1,0,1,0,0.0,0.0
0,3,0,0,0,0,0,0,0,1,0,1,1,0,0,0,0,1,1,0,0,0,1,0,0,0.0,0.0
0,6,0,0,0,0,0,1,0,0,0,1,1,0,0,0,0,1,1,0,0,0,0,1,0,0.0,0.0
0,9,0,0,0,0,0,0,1,0,0,1,1,0,0,1,0,1,0,1,0,1,0,1,0,-0.16666666666666652,0.33333333333333337
0,9,0,0,0,0,0,1,0,0,0,1,1,0,0,1,0,1,0,1,0,1,1,0,0,-0.16666666666666652,0.33333333333333337
0,7,0,0,0,0,0,0,1,0,0,1,0,1,0,0,0,1,1,0,0,1,0,1,0,0.16666666666666652,-0.3333333333333333
0,-5,0,0,0,0,1,0,0,0,0,1,0,1,0,0,0,1,1,0,0,1,1,0,0,0.16666666666666652,-0.3333333333333333
0,6,0,0,0,0,0,0,0,1,0,1,0,1,0,0,0,1,1,0,0,1,0,0,1,0.16666666666666652,-0.3333333333333333
0,6,0,0,0,0,0,0,1,0,0,1,0,1,1,0,0,1,1,0,1,0,0,1,0,0.5,-0.33333333333333337
0,6,0,0,1,0,0,0,0,0,0,1,0,1,1,0,0,1,1,0,1,0,1,0,0,0.5,-0.33333333333333337
0,-8,0,1,0,0,0,0,0,0,0,1,1,0,1,0,0,1,0,1,1,1,1,0,0,-0.5,0.3333333333333333
0,-3,0,0,0,0,0,0,1,0,0,1,1,0,1,0,0,1,0,1,1,1,0,1,0,-0.5,0.3333333333333333
1,-2,0,0,0,0,0,1,0,0,0,1,1,0,0,0,0,1,1,0,1,1,0,1,0,4.5,0.5
0,-8,1,0,0,0,0,0,0,0,0,1,1,0,0,0,0,1,1,0,1,1,1,0,0,4.5,0.5
0,-9,0,0,1,0,0,0,0,0,0,1,1,0,0,0,0,1,1,0,0,0,0,1,0,4.25,0.5
1,2,0,0,0,0,0,1,0,0,0,1,1,0,0,0,0,1,1,0,0,0,1,0,0,4.25,0.5
0,10,0,0,0,0,0,0,0,1,0,1,1,0,0,0,0,1,1,0,0,0,0,0,1,4.25,0.5
1,2,0,0,0,0,0,1,0,0,0,1,1,0,1,1,0,1,1,1,0,0,0,1,0,-2.6,0.0
0,-9,0,1,0,0,0,0,0,0,0,1,1,0,1,1,0,1,1,1,0,0,1,0,0,-2.6,0.0
0,6,0,0,0,0,0,0,0,1,0,1,1,0,1,1,0,1,1,1,0,0,0,0,1,-2.6,0.0
0,-2,0,0,0,0,0,0,0,1,0,1,0,1,1,1,0,1,0,1,1,1,0,1,0,-3.25,0.0
1,2,0,0,0,0,1,0,0,0,0,1,0,1,1,1,0,1,0,1,1,1,1,0,0,-3.25,0.0
0,-3,0,0,0,0,0,0,1,0,0,1,0,1,1,1,0,1,0,1,1,1,0,0,1,-3.25,0.0
0,5,0,0,0,0,0,0,0,1,0,1,1,0,1,1,0,1,1,1,0,1,1,0,0,-1.6607142857142856,-0.0714285714285714
1,2,1,0,0,0,0,0,0,0,0,1,1,0,1,1,0,1,1,1,0,1,0,1,0,-1.6607142857142856,-0.0714285714285714
0,-4,0,0,0,0,0,0,0,1,0,1,1,1,0,0,0,1,1,1,0,1,1,0,0,3.2857142857142856,0.12698412698412698
0,-7,0,0,1,0,0,0,0,0,0,1,1,1,0,0,0,1,1,1,0,1,0,1,0,3.2857142857142856,0.12698412698412698
0,9,0,0,0,0,0,0,0,1,0,1,1,0,1,1,0,1,0,1,1,1,1,0,0,-2.142857142857143,0.15555555555555556
0,6,0,1,0,0,0,0,0,0,0,1,1,0,1,1,0,1,0,1,1,1,0,1,0,-2.142857142857143,0.15555555555555556
1,2,0,0,0,0,0,0,0,1,0,1,1,0,0,1,0,1,1,1,1,0,1,0,0,1.5499999999999998,0.19999999999999996
0,9,0,0,1,0,0,0,0,0,0,1,1,0,0,1,0,1,1,1,1,0,0,1,0,1.5499999999999998,0.19999999999999996
0,-3,0,0,0,0,0,1,0,0,0,1,1,1,0,1,0,1,0,1,0,1,1,0,0,2.0,0.33333333333333337
0,-5,0,0,0,0,0,0,1,0,0,1,1,1,0,1,0,1,0,1,0,1,0,1,0,2.0,0.33333333333333337
0,4,0,0,0,0,0,0,0,1,0,1,1,0,0,1,0,1,0,1,0,1,0,1,0,0.666666666666667,0.2857142857142857
0,-6,0,0,0,0,0,1,0,0,0,1,1,0,0,1,0,1,0,1,0,1,1,0,0,0.666666666666667,0.2857142857142857
0,-6,0,0,0,0,1,0,0,0,0,1,1,0,0,1,0,1,0,1,0,1,0,1,0,0.666666666666667,0.2857142857142857
0,-8,0,0,0,0,0,0,1,0,0,1,1,0,0,1,0,1,0,1,0,1,1,0,0,0.666666666666667,0.2857142857142857
0,9,1,0,0,0,0,0,0,0,0,1,1,1,1,0,0,1,1,1,1,1,0,1,0,0.0,0.0
0,10,0,0,0,0,0,0,0,1,0,1,1,1,1,0,0,1,1,1,1,1,1,0,0,0.0,0.0
0,8,0,0,0,0,0,1,0,0,0,1,1,1,1,1,1,0,0,0,0,0,1,0,0,0.0,0.0
0,3,0,0,0,0,0,0,0,1,0,1,1,1,1,1,1,0,0,0,0,0,0,1,0,0.0,0.0
0,-5,0,0,0,0,0,1,0,0,1,0,0,0,0,0,1,0,0,0,0,1,1,0,0,0.0,0.0
1,-2,0,1,0,0,0,0,0,0,1,0,0,0,0,0,1,0,0,0,0,1,0,1,0,0.0,0.0
0,2,0,0,0,0,0,0,0,1,1,0,0,0,0,1,1,0,0,0,1,0,0,1,0,0.0,0.0
0,9,1,0,0,0,0,0,0,0,1,0,0,0,0,1,1,0,0,0,1,0,1,0,0,0.0,0.0
0,-4,1,0,0,0,0,0,0,0,1,0,0,0,1,0,1,0,0,0,1,1,1,0,0,0.0,0.0
0,-6,0,0,0,0,1,0,0,0,1,0,0,0,1,0,1,0,0,0,1,1,0,1,0,0.0,0.0
0,-2,1,0,0,0,0,0,0,0,1,0,0,0,1,1,1,0,0,0,0,0,1,0,0,-4.0,0.0
0,-2,0,0,0,0,0,0,1,0,1,0,0,0,1,1,1,0,0,0,0,0,0,1,0,-4.0,0.0
0,2,0,0,0,0,1,0,0,0,1,0,0,0,0,0,1,0,0,0,1,0,0,1,0,2.0,0.0
0,5,0,0,0,0,0,0,0,1,1,0,0,0,0,0,1,0,0,0,1,0,1,0,0,2.0,0.0
0,-2,0,0,0,0,0,0,0,1,0,1,1,1,1,0,1,0,0,1,0,0,0,1,0,4.0,0.0
0,2,0,1,0,0,0,0,0,0,0,1,1,1,1,0,1,0,0,1,0,0,1,0,0,4.0,0.0
0,-3,0,0,0,0,0,1,0,0,0,1,1,1,1,0,1,0,0,1,0,0,0,0,1,4.0,0.0
0,-2,0,0,0,0,1,0,0,0,1,0,0,1,0,0,1,0,0,1,0,1,0,1,0,-2.0,0.0
0,5,0,0,0,0,0,0,1,0,1,0,0,1,0,0,1,0,0,1,0,1,1,0,0,-2.0,0.0
0,-3,0,1,0,0,0,0,0,0,1,0,0,1,0,0,1,0,0,1,0,1,0,0,1,-2.0,0.0
0,-3,0,1,0,0,0,0,0,0,1,0,0,1,0,1,1,0,0,1,1,0,0,1,0,5.0,0.5
0,3,1,0,0,0,0,0,0,0,1,0,0,1,0,1,1,0,0,1,1,0,1,0,0,5.0,0.5
0,-2,0,0,1,0,0,0,0,0,1,0,0,1,0,1,1,0,0,1,1,0,0,0,1,5.0,0.5
0,8,0,0,0,0,0,0,1,0,0,1,1,1,1,0,1,0,0,0,0,0,0,1,0,4.95,0.09999999999999998
0,9,0,0,0,0,0,1,0,0,0,1,1,1,1,0,1,0,0,0,0,0,1,0,0,4.95,0.09999999999999998
0,-8,0,1,0,0,0,0,0,0,1,0,0,1,0,0,1,0,0,1,1,1,0,1,0,1.4,0.09999999999999998
1,2,0,0,0,0,1,0,0,0,1,0,0,1,0,0,1,0,0,1,1,1,1,0,0,1.4,0.09999999999999998
0,3,0,0,0,0,0,1,0,0,1,0,0,1,0,0,1,0,0,1,1,1,0,0,1,1.4,0.09999999999999998
0,-4,0,0,0,0,0,0,0,1,1,0,0,1,0,1,1,0,1,0,0,0,0,1,0,6.6,0.6
0,-3,0,0,0,0,1,0,0,0,1,0,0,1,0,1,1,0,1,0,0,0,1,0,0,6.6,0.6
1,-2,0,0,1,0,0,0,0,0,0,1,1,1,1,0,1,0,0,0,0,1,0,1,0,4.214285714285714,0.0892857142857143
0,7,0,0,0,0,0,1,0,0,0,1,1,1,1,0,1,0,0,0,0,1,1,0,0,4.214285714285714,0.0892857142857143
0,5,0,0,0,0,0,0,1,0,0,1,1,1,1,0,1,0,0,0,0,1,0,0,1,4.214285714285714,0.0892857142857143
0,10,0,0,0,0,0,1,0,0,1,0,0,0,1,0,1,0,0,0,0,1,0,1,0,0.6944444444444444,-0.045454545454545414
0,5,1,0,0,0,0,0,0,0,1,0,0,0,1,0,1,0,0,0,0,1,1,0,0,0.6944444444444444,-0.045454545454545414
0,2,0,0,0,0,0,1,0,0,1,0,0,0,1,0,1,0,1,0,0,1,0,1,0,-1.0,-0.033333333333333326
1,-2,0,0,0,0,0,0,0,1,1,0,0,0,1,0,1,0,1,0,0,1,1,0,0,-1.0,-0.033333333333333326
1,-2,0,1,0,0,0,0,0,0,1,0,0,0,1,0,1,0,1,0,0,1,0,0,1,-1.0,-0.033333333333333326
0,3,1,0,0,0,0,0,0,0,0,1,1,1,1,1,1,0,0,1,0,1,0,1,0,0.5999999999999996,0.0
0,7,0,0,1,0,0,0,0,0,0,1,1,1,1,1,1,0,0,1,0,1,1,0,0,0.5999999999999996,0.0
1,2,0,0,0,0,0,0,0,1,1,0,0,1,1,0,1,0,1,0,0,1,0,1,0,-2.9583333333333335,-0.02564102564102566
0,7,0,1,0,0,0,0,0,0,1,0,0,1,1,0,1,0,1,0,0,1,1,0,0,-2.9583333333333335,-0.02564102564102566
1,-2,0,0,1,0,0,0,0,0,0,1,1,1,1,1,1,0,0,1,1,0,1,0,0,1.2285714285714282,0.05714285714285705
0,-7,0,0,0,0,0,0,1,0,0,1,1,1,1,1,1,0,0,1,1,0,0,1,0,1.2285714285714282,0.05714285714285705
0,5,0,0,0,0,1,0,0,0,0,1,1,1,1,1,1,0,0,1,1,0,1,0,0,1.2285714285714282,0.05714285714285705
1,-2,1,0,0,0,0,0,0,0,0,1,1,1,1,1,1,0,0,1,1,0,0,1,0,1.2285714285714282,0.05714285714285705
0,5,0,0,0,0,1,0,0,0,0,1,1,0,1,1,1,0,0,1,0,0,0,1,0,4.097222222222222,0.08585858585858586
0,3,0,0,0,0,0,1,0,0,0,1,1,0,1,1,1,0,0,1,0,0,1,0,0,4.097222222222222,0.08585858585858586
0,2,0,0,0,0,1,0,0,0,0,0,1,1,0,0,0,0,1,0,1,0,0,1,0,4.215909090909091,0.08461538461538454
0,-5,0,0,1,0,0,0,0,0,0,0,1,1,0,0,0,0,1,0,1,0,1,0,0,4.215909090909091,0.08461538461538454
0,8,1,0,0,0,0,0,0,0,0,0,1,1,0,0,0,0,1,0,1,0,0,0,1,4.215909090909091,0.08461538461538454
0,-5,0,0,0,0,0,0,0,1,1,0,0,1,1,0,0,1,0,0,0,0,0,1,0,1.3333333333333333,0.2222222222222222
0,4,0,1,0,0,0,0,0,0,1,0,0,1,1,0,0,1,0,0,0,0,1,0,0,1.3333333333333333,0.2222222222222222
0,4,0,0,0,0,0,0,1,0,1,0,0,1,1,0,0,1,0,0,0,0,0,0,1,1.3333333333333333,0.2222222222222222
0,4,0,0,0,0,0,1,0,0,0,0,0,1,1,1,0,1,0,1,0,0,1,0,0,0.1931818181818179,-0.12857142857142856
0,-8,0,0,0,0,0,0,0,1,0,0,0,1,1,1,0,1,0,1,0,0,0,1,0,0.1931818181818179,-0.12857142857142856
0,2,0,1,0,0,0,0,0,0,0,0,0,1,1,1,0,1,0,1,0,0,0,0,1,0.1931818181818179,-0.12857142857142856
0,5,0,0,0,0,0,0,1,0,0,0,0,1,1,1,0,1,0,1,0,1,1,0,0,-2.0909090909090913,-0.16666666666666663
0,2,0,0,0,0,0,1,0,0,0,0,0,1,1,1,0,1,0,1,0,1,0,1,0,-2.0909090909090913,-0.16666666666666663
0,5,0,0,0,0,1,0,0,0,1,0,0,1,1,0,0,1,0,0,1,1,0,1,0,-0.44444444444444464,0.05434782608695654
0,-8,0,0,0,0,0,0,1,0,1,0,0,1,1,0,0,1,0,0,1,1,1,0,0,-0.44444444444444464,0.05434782608695654
0,-7,0,0,1,0,0,0,0,0,1,0,0,1,1,0,0,1,0,0,1,1,0,0,1,-0.44444444444444464,0.05434782608695654
0,-8,0,0,0,0,0,0,0,1,0,1,1,1,1,1,0,0,1,0,1,0,0,1,0,0.6818181818181821,-0.024038461538461564
0,-2,0,0,1,0,0,0,0,0,0,1,1,1,1,1,0,0,1,0,1,0,1,0,0,0.6818181818181821,-0.024038461538461564
0,-3,0,0,0,0,0,0,0,1,0,1,1,0,0,1,0,1,0,0,0,0,0,1,0,0.1111111111111111,0.11538461538461542
0,3,0,0,0,0,0,1,0,0,0,1,1,0,0,1,0,1,0,0,0,0,1,0,0,0.1111111111111111,0.11538461538461542
0,-6,0,0,0,0,0,0,1,0,0,1,1,0,0,1,0,1,0,0,0,0,0,0,1,0.1111111111111111,0.11538461538461542
0,11,0,0,0,0,1,0,0,0,0,0,0,0,1,1,1,0,0,1,1,0,0,1,0,-1.0,-0.05555555555555547
0,10,0,0,0,0,0,0,0,1,0,0,0,0,1,1,1,0,0,1,1,0,1,0,0,-1.0,-0.05555555555555547
0,-3,0,1,0,0,0,0,0,0,0,1,1,0,1,1,0,1,0,0,0,0,0,1,0,2.825,0.14848484848484844
0,7,0,0,0,0,0,1,0,0,0,1,1,0,1,1,0,1,0,0,0,0,1,0,0,2.825,0.14848484848484844
1,-2,1,0,0,0,0,0,0,0,0,1,1,0,1,1,0,1,0,0,0,0,0,0,1,2.825,0.14848484848484844
0,5,0,0,0,0,0,0,1,0,0,0,1,1,0,0,0,1,0,0,0,0,0,1,0,2.388888888888889,0.1367521367521367
0,4,0,0,0,0,0,1,0,0,0,0,1,1,0,0,0,1,0,0,0,0,1,0,0,2.388888888888889,0.1367521367521367
0,9,0,0,0,0,0,0,1,0,0,0,0,1,1,1,0,0,1,0,1,0,1,0,0,-1.6142857142857134,-0.0346153846153846
1,-2,0,0,0,0,1,0,0,0,0,0,0,1,1,1,0,0,1,0,1,0,0,1,0,-1.6142857142857134,-0.0346153846153846
1,2,0,0,0,0,0,0,0,1,0,0,0,1,1,1,0,0,1,0,1,0,0,0,1,-1.6142857142857134,-0.0346153846153846
0,8,0,0,0,0,0,0,1,0,0,0,1,1,0,0,0,0,0,0,1,1,0,1,0,1.25,0.09359605911330049
0,-6,0,0,0,0,0,1,0,0,0,0,1,1,0,0,0,0,0,0,1,1,1,0,0,1.25,0.09359605911330049
0,10,0,0,1,0,0,0,0,0,0,0,1,1,0,0,0,0,0,0,1,1,0,0,1,1.25,0.09359605911330049
0,2,1,0,0,0,0,0,0,0,0,1,0,0,1,1,0,0,1,0,1,0,0,1,0,-3.767857142857143,-0.10869565217391308
0,5,0,0,0,0,0,0,0,1,0,1,0,0,1,1,0,0,1,0,1,0,1,0,0,-3.767857142857143,-0.10869565217391308
1,2,0,0,0,0,0,1,0,0,0,0,0,1,1,1,0,1,0,0,0,0,1,0,0,1.0714285714285714,0.048295454545454586
0,7,1,0,0,0,0,0,0,0,0,0,0,1,1,1,0,1,0,0,0,0,0,1,0,1.0714285714285714,0.048295454545454586
0,-8,0,0,0,0,0,0,1,0,0,0,0,1,1,1,0,1,0,0,0,0,1,0,0,1.0714285714285714,0.048295454545454586
0,10,0,0,0,0,0,0,0,1,0,0,0,1,1,1,0,1,0,0,0,0,0,1,0,1.0714285714285714,0.048295454545454586
0,5,0,0,1,0,0,0,0,0,0,0,1,1,0,0,0,0,0,0,1,1,1,0,0,3.075,0.09856630824372759
1,-2,0,1,0,0,0,0,0,0,0,0,1,1,0,0,0,0,0,0,1,1,0,1,0,3.075,0.09856630824372759
0,5,1,0,0,0,0,0,0,0,0,0,1,1,0,0,0,0,0,0,1,1,1,0,0,3.075,0.09856630824372759
0,-3,0,0,0,0,0,0,1,0,0,0,1,1,0,0,0,0,0,0,1,1,0,1,0,3.075,0.09856630824372759
0,-7,0,0,0,0,1,0,0,0,0,0,1,1,0,0,0,0,0,0,1,1,0,0,1,3.075,0.09856630824372759
0,9,0,0,1,0,0,0,0,0,0,1,1,0,1,1,0,1,1,0,0,1,0,1,0,3.095238095238095,0.3066666666666667
0,4,0,0,0,0,0,0,0,1,0,1,1,0,1,1,0,1,1,0,0,1,1,0,0,3.095238095238095,0.3066666666666667
0,-4,0,0,0,0,0,0,1,0,0,1,1,1,0,0,0,1,1,0,1,0,1,0,0,-1.857142857142857,-0.0649350649350649
0,-6,1,0,0,0,0,0,0,0,0,1,1,1,0,0,0,1,1,0,1,0,0,1,0,-1.857142857142857,-0.0649350649350649
0,-4,0,1,0,0,0,0,0,0,0,1,1,0,0,0,0,1,1,1,1,0,0,1,0,-0.4285714285714286,-0.025974025974025983
0,-9,0,0,0,0,0,1,0,0,0,1,1,0,0,0,0,1,1,1,1,0,1,0,0,-0.4285714285714286,-0.025974025974025983
0,-9,0,0,0,0,1,0,0,0,0,1,1,1,0,1,0,1,0,1,0,0,1,0,0,2.5,-0.0625
1,-2,0,0,0,0,0,1,0,0,0,1,1,1,0,1,0,1,0,1,0,0,0,1,0,2.5,-0.0625
0,-8,0,0,0,0,0,0,1,0,0,1,0,1,1,1,0,1,1,1,0,0,0,1,0,-1.2142857142857144,0.18055555555555558
0,-5,0,0,0,0,1,0,0,0,0,1,0,1,1,1,0,1,1,1,0,0,1,0,0,-1.2142857142857144,0.18055555555555558
0,-6,1,0,0,0,0,0,0,0,0,1,1,0,1,0,0,1,1,0,0,0,1,0,0,-1.6,0.0
0,-2,0,0,0,0,0,0,0,1,0,1,1,0,1,0,0,1,1,0,0,0,0,1,0,-1.6,0.0
0,2,0,1,0,0,0,0,0,0,0,1,1,0,1,1,0,1,1,1,0,0,0,1,0,-1.6071428571428572,0.16666666666666663
0,-5,0,0,0,0,0,1,0,0,0,1,1,0,1,1,0,1,1,1,0,0,1,0,0,-1.6071428571428572,0.16666666666666663
0,-6,0,0,1,0,0,0,0,0,0,1,1,0,1,1,0,1,1,1,0,0,0,0,1,-1.6071428571428572,0.16666666666666663
0,4,0,0,1,0,0,0,0,0,0,1,1,0,0,0,0,1,0,1,0,0,1,0,0,-2.375,-0.14957264957264965
0,-2,0,0,0,0,0,0,0,1,0,1,1,0,0,0,0,1,0,1,0,0,0,1,0,-2.375,-0.14957264957264965
0,4,0,0,0,0,1,0,0,0,0,1,1,0,0,0,0,1,0,1,0,0,0,0,1,-2.375,-0.14957264957264965
0,3,0,0,0,0,0,1,0,0,0,1,0,1,1,1,0,1,1,1,1,0,1,0,0,-3.1904761904761902,-0.21212121212121215
0,-2,0,0,0,0,0,0,1,0,0,1,0,1,1,1,0,1,1,1,1,0,0,1,0,-3.1904761904761902,-0.21212121212121215
0,-8,1,0,0,0,0,0,0,0,0,1,0,1,1,1,0,1,1,1,1,0,0,0,1,-3.1904761904761902,-0.21212121212121215
0,9,0,0,1,0,0,0,0,0,0,1,1,0,1,0,0,1,0,1,1,1,0,1,0,2.0,-0.16483516483516492
0,10,0,0,0,0,1,0,0,0,0,1,1,0,1,0,0,1,0,1,1,1,1,0,0,2.0,-0.16483516483516492
0,8,0,1,0,0,0,0,0,0,0,1,1,1,0,1,0,1,1,0,0,1,0,1,0,2.125,0.08333333333333331
0,-8,0,0,1,0,0,0,0,0,0,1,1,1,0,1,0,1,1,0,0,1,1,0,0,2.125,0.08333333333333331
0,6,0,0,0,0,0,0,1,0,0,1,1,1,0,1,0,1,1,0,0,1,0,0,1,2.125,0.08333333333333331
0,7,0,0,0,0,0,0,1,0,0,1,1,0,1,1,0,1,1,0,0,0,1,0,0,1.3214285714285714,0.2047619047619048
0,7,0,0,0,0,1,0,0,0,0,1,1,0,1,1,0,1,1,0,0,0,0,1,0,1.3214285714285714,0.2047619047619048
0,-7,0,0,1,0,0,0,0,0,1,0,0,1,1,1,0,1,1,0,1,1,1,0,0,0.571428571428571,-0.1111111111111111
0,-9,0,0,0,0,0,1,0,0,1,0,0,1,1,1,0,1,1,0,1,1,0,1,0,0.571428571428571,-0.1111111111111111
0,6,0,1,0,0,0,0,0,0,0,1,1,0,1,1,0,1,1,1,1,0,0,1,0,1.2857142857142863,-0.01041666666666663
0,-6,0,0,0,0,0,0,0,1,0,1,1,0,1,1,0,1,1,1,1,0,1,0,0,1.2857142857142863,-0.01041666666666663
0,-7,0,0,0,0,0,0,1,0,0,1,1,0,1,1,0,1,1,1,1,0,0,0,1,1.2857142857142863,-0.01041666666666663
0,6,0,0,0,0,0,0,1,0,0,1,1,0,1,0,0,1,0,1,0,0,1,0,0,0.125,-0.23809523809523808
0,3,0,0,0,0,0,0,0,1,0,1,1,0,1,0,0,1,0,1,0,0,0,1,0,0.125,-0.23809523809523808
0,-6,1,0,0,0,0,0,0,0,0,1,1,0,0,0,0,1,1,1,0,0,0,1,0,-2.303571428571429,-0.038461538461538436
0,4,0,0,0,0,1,0,0,0,0,1,1,0,0,0,0,1,1,1,0,0,1,0,0,-2.303571428571429,-0.038461538461538436
0,4,0,0,0,0,0,0,0,1,0,1,1,0,0,0,0,1,1,1,0,0,0,0,1,-2.303571428571429,-0.038461538461538436
1,-2,0,0,0,0,0,1,0,0,0,1,0,1,1,1,0,1,1,0,0,1,0,1,0,1.9464285714285714,0.15584415584415579
0,6,0,0,0,0,1,0,0,0,0,1,0,1,1,1,0,1,1,0,0,1,1,0,0,1.9464285714285714,0.15584415584415579
0,2,1,0,0,0,0,0,0,0,0,1,0,1,1,1,0,1,1,0,0,1,0,0,1,1.9464285714285714,0.15584415584415579
0,2,0,1,0,0,0,0,0,0,0,1,1,1,0,1,0,1,0,1,1,1,1,0,0,8.904761904761905,0.2787878787878788
0,9,0,0,0,0,1,0,0,0,0,1,1,1,0,1,0,1,0,1,1,1,0,1,0,8.904761904761905,0.2787878787878788
0,-11,0,0,0,0,0,0,0,1,0,1,0,1,1,1,0,1,0,1,0,0,0,1,0,-1.1785714285714286,-0.05115089514066501
0,-6,0,1,0,0,0,0,0,0,0,1,0,1,1,1,0,1,0,1,0,0,1,0,0,-1.1785714285714286,-0.05115089514066501
0,-8,0,0,0,0,1,0,0,0,0,1,1,0,0,0,0,1,1,0,0,0,1,0,0,3.0416666666666665,0.2535885167464115
0,-8,0,0,0,0,0,0,0,1,0,1,1,0,0,0,0,1,1,0,0,0,0,1,0,3.0416666666666665,0.2535885167464115
0,-6,0,0,0,0,0,0,1,0,0,1,1,1,0,1,0,1,1,1,0,0,0,1,0,2.2142857142857144,0.11538461538461542
1,-2,0,0,0,0,0,1,0,0,0,1,1,1,0,1,0,1,1,1,0,0,1,0,0,2.2142857142857144,0.11538461538461542
0,-5,1,0,0,0,0,0,0,0,0,1,1,0,1,0,0,1,1,1,1,0,0,1,0,-0.04166666666666696,-0.21212121212121215
0,5,0,0,0,0,0,0,0,1,0,1,1,0,1,0,0,1,1,1,1,0,1,0,0,-0.04166666666666696,-0.21212121212121215
0,4,0,0,0,0,0,0,1,0,0,1,1,0,1,0,0,1,1,1,1,0,0,0,1,-0.04166666666666696,-0.21212121212121215
1,-2,0,0,0,0,0,1,0,0,0,1,1,0,0,0,0,1,1,0,0,1,0,1,0,2.125,0.1904761904761904
0,6,0,0,1,0,0,0,0,0,0,1,1,0,0,0,0,1,1,0,0,1,1,0,0,2.125,0.1904761904761904
0,7,0,0,0,0,0,0,0,1,0,1,1,0,0,0,0,1,1,0,0,1,0,0,1,2.125,0.1904761904761904
0,6,0,0,0,0,0,0,0,1,0,1,1,0,1,1,0,1,0,1,1,1,0,1,0,6.416666666666667,0.3932773109243698
0,-6,0,0,0,0,1,0,0,0,0,1,1,0,1,1,0,1,0,1,1,1,1,0,0,6.416666666666667,0.3932773109243698
1,2,0,1,0,0,0,0,0,0,0,1,1,0,1,1,0,1,0,1,1,1,0,0,1,6.416666666666667,0.3932773109243698
0,-7,0,1,0,0,0,0,0,0,0,1,1,0,1,0,0,1,1,0,0,1,0,1,0,7.1269841269841265,0.20588235294117652
0,-2,0,0,0,0,0,0,0,1,0,1,1,0,1,0,0,1,1,0,0,1,1,0,0,7.1269841269841265,0.20588235294117652
1,-2,0,0,0,0,1,0,0,0,0,1,1,0,1,1,0,1,0,1,0,0,1,0,0,0.8392857142857143,0.07157894736842096
0,8,0,0,0,0,0,1,0,0,0,1,1,0,1,1,0,1,0,1,0,0,0,1,0,0.8392857142857143,0.07157894736842096
0,-4,0,1,0,0,0,0,0,0,0,1,1,0,1,1,0,1,0,1,0,0,0,0,1,0.8392857142857143,0.07157894736842096
0,-8,0,0,0,0,0,0,1,0,0,1,1,0,0,0,0,1,0,1,1,1,0,1,0,4.196428571428571,0.25
0,6,0,0,1,0,0,0,0,0,0,1,1,0,0,0,0,1,0,1,1,1,1,0,0,4.196428571428571,0.25
0,-9,0,0,0,0,1,0,0,0,0,1,1,0,0,0,0,1,0,1,1,1,0,0,1,4.196428571428571,0.25
0,-7,0,0,1,0,0,0,0,0,0,1,0,1,1,0,0,1,1,0,1,1,0,1,0,-2.0555555555555554,0.07777777777777783
0,5,1,0,0,0,0,0,0,0,0,1,0,1,1,0,0,1,1,0,1,1,1,0,0,-2.0555555555555554,0.07777777777777783
0,10,0,1,0,0,0,0,0,0,0,1,0,1,1,0,0,1,1,0,1,1,0,0,1,-2.0555555555555554,0.07777777777777783
0,9,0,0,0,0,0,1,0,0,0,1,0,1,1,1,0,1,1,0,0,0,1,0,0,0.08333333333333304,0.03643724696356271
0,11,0,0,0,0,1,0,0,0,0,1,0,1,1,1,0,1,1,0,0,0,0,1,0,0.08333333333333304,0.03643724696356271
0,-4,0,1,0,0,0,0,0,0,0,1,1,0,1,0,0,1,1,1,0,0,0,1,0,-1.3035714285714286,-0.11805555555555558
0,-7,0,0,0,0,1,0,0,0,0,1,1,0,1,0,0,1,1,1,0,0,1,0,0,-1.3035714285714286,-0.11805555555555558
0,2,1,0,0,0,0,0,0,0,0,1,1,1,0,1,0,1,1,0,1,0,0,1,0,-2.0,0.02380952380952389
1,-2,0,0,0,0,1,0,0,0,0,1,1,1,0,1,0,1,1,0,1,0,1,0,0,-2.0,0.02380952380952389
0,8,0,0,0,0,0,1,0,0,0,1,1,1,0,1,0,1,1,0,1,0,0,0,1,-2.0,0.02380952380952389
0,-2,0,0,0,0,0,1,0,0,0,1,0,1,1,0,0,1,0,1,0,0,0,1,0,0.3650793650793652,0.04761904761904767
0,-4,0,0,0,0,0,0,1,0,0,1,0,1,1,0,0,1,0,1,0,0,1,0,0,0.3650793650793652,0.04761904761904767
0,-2,0,0,1,0,0,0,0,0,0,1,1,0,1,1,0,1,1,0,1,1,0,1,0,0.6666666666666667,0.08594657375145176
0,-4,0,1,0,0,0,0,0,0,0,1,1,0,1,1,0,1,1,0,1,1,1,0,0,0.6666666666666667,0.08594657375145176
0,-3,0,0,0,0,0,1,0,0,0,1,0,1,0,0,0,1,0,1,0,0,0,1,0,-0.5714285714285716,0.0
1,-2,0,0,0,0,0,0,1,0,0,1,0,1,0,0,0,1,0,1,0,0,1,0,0,-0.5714285714285716,0.0
1,-2,0,0,0,0,0,1,0,0,0,1,1,1,0,1,0,1,0,1,0,0,0,1,0,-0.5357142857142858,-0.05978260869565222
0,-9,0,0,1,0,0,0,0,0,0,1,1,1,0,1,0,1,0,1,0,0,1,0,0,-0.5357142857142858,-0.05978260869565222
0,-10,0,0,0,0,1,0,0,0,0,1,1,0,1,1,0,1,1,1,0,0,1,0,0,-2.583333333333333,0.03594080338266392
0,-3,0,0,0,0,0,0,0,1,0,1,1,0,1,1,0,1,1,1,0,0,0,1,0,-2.583333333333333,0.03594080338266392
0,-2,0,0,0,0,1,0,0,0,0,1,1,1,0,1,0,1,1,1,0,0,1,0,0,-2.738095238095238,-0.06333333333333335
0,7,0,1,0,0,0,0,0,0,0,1,1,1,0,1,0,1,1,1,0,0,0,1,0,-2.738095238095238,-0.06333333333333335
0,2,0,0,1,0,0,0,0,0,0,1,1,1,0,1,0,1,1,1,0,0,1,0,0,-2.738095238095238,-0.06333333333333335
1,2,0,0,0,0,0,0,1,0,0,1,1,1,0,1,0,1,1,1,0,0,0,1,0,-2.738095238095238,-0.06333333333333335
0,6,0,0,0,0,0,0,0,1,0,1,1,0,0,1,0,1,1,0,1,1,1,0,0,3.1666666666666665,0.09533468559837732
1,2,0,1,0,0,0,0,0,0,0,1,1,0,0,1,0,1,1,0,1,1,0,1,0,3.1666666666666665,0.09533468559837732
0,-5,0,0,0,0,0,1,0,0,0,1,1,0,0,1,0,1,1,0,1,1,1,0,0,3.1666666666666665,0.09533468559837732
0,-8,0,0,0,0,0,0,1,0,0,1,1,0,0,1,0,1,1,0,1,1,0,1,0,3.1666666666666665,0.09533468559837732
0,-5,0,0,1,0,0,0,0,0,0,1,1,0,0,1,0,1,1,0,1,1,0,0,1,3.1666666666666665,0.09533468559837732
0,-10,0,1,0,0,0,0,0,0,1,0,0,0,1,0,0,1,1,1,1,1,0,1,0,8.607142857142858,0.5555555555555556
0,7,0,0,0,0,1,0,0,0,1,0,0,0,1,0,0,1,1,1,1,1,1,0,0,8.607142857142858,0.5555555555555556
0,7,0,0,0,0,0,1,0,0,1,0,0,0,1,0,0,1,1,1,1,1,0,0,1,8.607142857142858,0.5555555555555556
0,8,0,0,0,0,0,0,1,0,1,0,0,1,0,1,1,0,0,0,0,1,0,1,0,3.642857142857143,-0.032967032967033016
1,-2,0,1,0,0,0,0,0,0,1,0,0,1,0,1,1,0,0,0,0,1,1,0,0,3.642857142857143,-0.032967032967033016
0,-3,0,0,0,0,0,1,0,0,1,0,0,1,0,1,1,0,0,0,0,1,0,0,1,3.642857142857143,-0.032967032967033016
0,2,0,0,0,0,1,0,0,0,1,0,0,0,0,1,1,0,0,0,1,0,0,1,0,4.642857142857142,0.5714285714285714
0,-2,0,0,0,0,0,0,0,1,1,0,0,0,0,1,1,0,0,0,1,0,1,0,0,4.642857142857142,0.5714285714285714
0,-5,0,0,1,0,0,0,0,0,1,0,0,0,0,1,1,0,0,0,1,0,0,0,1,4.642857142857142,0.5714285714285714
0,8,1,0,0,0,0,0,0,0,1,0,0,1,1,0,1,0,0,1,1,1,0,1,0,-3.9285714285714284,0.1596638655462186
0,-4,0,1,0,0,0,0,0,0,1,0,0,1,1,0,1,0,0,1,1,1,1,0,0,-3.9285714285714284,0.1596638655462186
0,2,0,0,0,0,0,0,1,0,1,0,0,1,1,0,1,0,0,1,1,1,0,0,1,-3.9285714285714284,0.1596638655462186
0,-8,0,0,0,0,0,1,0,0,1,0,1,0,0,0,1,0,1,0,0,1,0,1,0,-4.375,-0.26666666666666666
0,-4,1,0,0,0,0,0,0,0,1,0,1,0,0,0,1,0,1,0,0,1,1,0,0,-4.375,-0.26666666666666666
0,5,1,0,0,0,0,0,0,0,0,1,1,1,1,1,1,0,0,0,1,1,0,1,0,-2.25,0.06666666666666665
0,6,0,0,0,0,0,1,0,0,0,1,1,1,1,1,1,0,0,0,1,1,1,0,0,-2.25,0.06666666666666665
0,5,0,0,0,0,0,0,0,1,1,0,0,0,0,0,1,0,0,0,0,0,0,1,0,4.666666666666667,0.15000000000000002
0,-4,0,1,0,0,0,0,0,0,1,0,0,0,0,0,1,0,0,0,0,0,1,0,0,4.666666666666667,0.15000000000000002
0,-9,1,0,0,0,0,0,0,0,1,0,0,0,0,0,1,0,0,0,0,0,0,0,1,4.666666666666667,0.15000000000000002
0,2,0,0,1,0,0,0,0,0,0,1,1,1,1,1,1,0,0,1,0,1,1,0,0,0.7083333333333333,0.02941176470588236
0,-4,0,0,0,0,1,0,0,0,0,1,1,1,1,1,1,0,0,1,0,1,0,1,0,0.7083333333333333,0.02941176470588236
0,10,0,0,0,0,0,0,0,1,0,1,1,1,1,1,1,0,0,1,0,1,0,0,1,0.7083333333333333,0.02941176470588236
0,-4,0,0,1,0,0,0,0,0,1,0,1,0,0,1,1,0,0,0,1,1,1,0,0,0.28571428571428603,-0.047619047619047616
1,-2,0,0,0,0,1,0,0,0,1,0,1,0,0,1,1,0,0,0,1,1,0,1,0,0.28571428571428603,-0.047619047619047616
0,-2,0,0,0,0,0,0,1,0,0,1,1,1,1,0,1,0,1,0,0,0,1,0,0,-1.4107142857142856,0.06372549019607843
0,6,0,0,1,0,0,0,0,0,0,1,1,1,1,0,1,0,1,0,0,0,0,1,0,-1.4107142857142856,0.06372549019607843
0,6,0,1,0,0,0,0,0,0,0,1,1,1,1,0,1,0,1,0,0,0,0,0,1,-1.4107142857142856,0.06372549019607843
0,-9,0,0,1,0,0,0,0,0,1,0,0,0,0,1,1,0,0,0,0,1,0,1,0,0.625,-0.03846153846153849
0,6,0,0,0,0,0,0,1,0,1,0,0,0,0,1,1,0,0,0,0,1,1,0,0,0.625,-0.03846153846153849
0,8,0,0,0,0,1,0,0,0,1,0,0,0,0,1,1,0,0,0,0,1,0,0,1,0.625,-0.03846153846153849
0,-8,0,0,0,0,0,0,0,1,1,0,0,0,1,1,1,0,0,1,1,0,0,1,0,-0.7321428571428572,-0.4571428571428572
0,-3,0,1,0,0,0,0,0,0,1,0,0,0,1,1,1,0,0,1,1,0,1,0,0,-0.7321428571428572,-0.4571428571428572
0,-4,1,0,0,0,0,0,0,0,1,0,0,1,0,1,1,0,1,0,0,1,1,0,0,-2.1428571428571423,-0.22142857142857153
0,-4,0,0,0,0,0,1,0,0,1,0,0,1,0,1,1,0,1,0,0,1,0,1,0,-2.1428571428571423,-0.22142857142857153
0,-7,1,0,0,0,0,0,0,0,1,0,1,0,0,0,1,0,0,1,0,0,1,0,0,-4.285714285714286,-0.18636363636363645
0,-9,0,0,0,0,0,1,0,0,1,0,1,0,0,0,1,0,0,1,0,0,0,1,0,-4.285714285714286,-0.18636363636363645
0,-2,0,0,0,0,0,1,0,0,1,0,0,0,1,0,1,0,0,0,1,0,1,0,0,0.25396825396825395,0.3111111111111111
0,-6,0,1,0,0,0,0,0,0,1,0,0,0,1,0,1,0,0,0,1,0,0,1,0,0.25396825396825395,0.3111111111111111
0,6,0,0,1,0,0,0,0,0,1,0,0,0,0,1,1,0,0,1,1,1,0,1,0,0.3333333333333335,0.11538461538461542
0,-8,0,0,0,0,1,0,0,0,1,0,0,0,0,1,1,0,0,1,1,1,1,0,0,0.3333333333333335,0.11538461538461542
1,2,0,1,0,0,0,0,0,0,1,0,0,0,0,1,1,0,0,1,1,1,0,0,1,0.3333333333333335,0.11538461538461542
0,-3,0,0,0,0,1,0,0,0,1,0,0,0,1,1,1,0,0,0,0,0,1,0,0,0.1428571428571428,-0.1965811965811966
1,2,1,0,0,0,0,0,0,0,1,0,0,0,1,1,1,0,0,0,0,0,0,1,0,0.1428571428571428,-0.1965811965811966
0,4,0,0,0,0,0,0,1,0,1,0,0,0,1,1,1,0,0,0,0,0,0,0,1,0.1428571428571428,-0.1965811965811966
0,8,1,0,0,0,0,0,0,0,1,0,0,1,1,0,1,0,0,0,0,1,1,0,0,2.303571428571429,0.16267942583732065
0,8,0,0,0,0,0,0,0,1,1,0,0,1,1,0,1,0,0,0,0,1,0,1,0,2.303571428571429,0.16267942583732065
0,2,0,0,0,0,0,0,0,1,1,0,0,1,0,0,1,0,1,0,0,0,0,1,0,-1.25,-0.04201680672268909
0,-5,0,1,0,0,0,0,0,0,1,0,0,1,0,0,1,0,1,0,0,0,1,0,0,-1.25,-0.04201680672268909
0,7,0,0,0,0,1,0,0,0,1,0,0,1,0,0,1,0,1,0,0,0,0,0,1,-1.25,-0.04201680672268909
0,-6,0,0,1,0,0,0,0,0,0,1,1,1,1,0,1,0,0,1,0,1,0,1,0,4.619047619047619,0.1555023923444976
0,-3,0,0,0,0,0,0,0,1,0,1,1,1,1,0,1,0,0,1,0,1,1,0,0,4.619047619047619,0.1555023923444976
0,-2,0,0,0,0,0,0,0,1,1,0,0,0,1,1,1,0,0,0,1,1,0,1,0,0.6666666666666665,-0.125
0,6,0,0,0,0,0,0,1,0,1,0,0,0,1,1,1,0,0,0,1,1,1,0,0,0.6666666666666665,-0.125
0,-3,1,0,0,0,0,0,0,0,1,0,0,0,1,1,1,0,0,0,1,1,0,0,1,0.6666666666666665,-0.125
0,-9,0,0,1,0,0,0,0,0,0,1,1,1,1,1,1,0,0,1,1,0,1,0,0,0.2857142857142856,-0.07575757575757569
0,2,0,1,0,0,0,0,0,0,0,1,1,1,1,1,1,0,0,1,1,0,0,1,0,0.2857142857142856,-0.07575757575757569
0,9,1,0,0,0,0,0,0,0,0,1,1,1,1,1,1,0,0,1,1,0,0,0,1,0.2857142857142856,-0.07575757575757569
1,2,0,0,0,0,0,1,0,0,1,0,1,0,0,1,1,0,0,0,0,0,1,0,0,2.375,0.05113636363636359
0,-3,0,1,0,0,0,0,0,0,1,0,1,0,0,1,1,0,0,0,0,0,0,1,0,2.375,0.05113636363636359
0,6,0,0,0,0,0,0,1,0,1,0,1,0,0,1,1,0,0,0,0,0,0,0,1,2.375,0.05113636363636359
0,5,0,0,0,0,1,0,0,0,1,0,0,0,1,0,1,0,0,1,1,1,0,1,0,-1.1944444444444444,0.07500000000000001
0,3,0,0,0,0,0,1,0,0,1,0,0,0,1,0,1,0,0,1,1,1,1,0,0,-1.1944444444444444,0.07500000000000001
0,7,0,0,0,0,0,0,0,1,1,0,0,1,1,0,1,0,0,0,1,0,0,1,0,2.571428571428572,0.20105820105820116
0,8,0,0,0,0,1,0,0,0,1,0,0,1,1,0,1,0,0,0,1,0,1,0,0,2.571428571428572,0.20105820105820116
0,-5,0,0,0,0,0,1,0,0,1,0,0,1,0,1,1,0,0,1,1,1,0,1,0,1.5714285714285716,0.08771929824561397
0,-12,1,0,0,0,0,0,0,0,1,0,0,1,0,1,1,0,0,1,1,1,1,0,0,1.5714285714285716,0.08771929824561397
0,-3,0,1,0,0,0,0,0,0,1,0,0,0,0,1,0,1,1,1,1,1,0,1,0,2.625,0.3047619047619048
0,-5,0,0,1,0,0,0,0,0,1,0,0,0,0,1,0,1,1,1,1,1,1,0,0,2.625,0.3047619047619048
0,-11,0,0,0,0,1,0,0,0,1,0,0,0,1,0,1,0,0,1,0,0,1,0,0,-3.821428571428571,-0.09999999999999998
0,-7,0,0,0,0,0,1,0,0,1,0,0,0,1,0,1,0,0,1,0,0,0,1,0,-3.821428571428571,-0.09999999999999998
0,7,0,0,0,0,0,0,1,0,1,0,1,0,0,0,1,0,0,0,0,1,1,0,0,-0.875,-0.1425438596491228
0,7,0,0,0,0,0,1,0,0,1,0,1,0,0,0,1,0,0,0,0,1,0,1,0,-0.875,-0.1425438596491228
1,-2,0,0,0,0,0,0,0,1,0,1,1,1,1,0,1,0,0,1,1,0,1,0,0,-2.8571428571428577,-0.030172413793103425
1,-2,0,0,1,0,0,0,0,0,0,1,1,1,1,0,1,0,0,1,1,0,0,1,0,-2.8571428571428577,-0.030172413793103425
0,4,0,0,0,0,0,0,0,1,0,1,1,1,1,0,1,0,0,0,1,0,1,0,0,-0.5476190476190477,0.20192307692307687
0,6,0,0,1,0,0,0,0,0,0,1,1,1,1,0,1,0,0,0,1,0,0,1,0,-0.5476190476190477,0.20192307692307687
0,5,0,1,0,0,0,0,0,0,1,0,0,0,0,1,1,0,0,0,0,0,0,1,0,-0.6071428571428572,0.14078674948240172
0,6,1,0,0,0,0,0,0,0,1,0,0,0,0,1,1,0,0,0,0,0,1,0,0,-0.6071428571428572,0.14078674948240172
0,3,0,1,0,0,0,0,0,0,0,1,1,1,1,1,1,0,1,0,0,1,0,1,0,5.642857142857143,0.022486772486772555
0,5,0,0,0,0,0,1,0,0,0,1,1,1,1,1,1,0,1,0,0,1,1,0,0,5.642857142857143,0.022486772486772555
0,10,1,0,0,0,0,0,0,0,1,0,0,1,1,0,1,0,0,1,0,1,0,1,0,0.4285714285714284,0.11741935483870958
0,4,0,0,0,0,0,0,1,0,1,0,0,1,1,0,1,0,0,1,0,1,1,0,0,0.4285714285714284,0.11741935483870958
0,3,0,0,0,0,1,0,0,0,0,1,1,1,1,1,1,0,0,1,1,0,1,0,0,-1.5,-0.04179728317659359
1,2,0,0,1,0,0,0,0,0,0,1,1,1,1,1,1,0,0,1,1,0,0,1,0,-1.5,-0.04179728317659359
0,7,0,0,0,0,0,0,0,1,0,1,1,1,1,0,1,0,0,1,0,1,1,0,0,1.5,0.04814814814814816
0,-5,0,0,0,0,0,0,1,0,0,1,1,1,1,0,1,0,0,1,0,1,0,1,0,1.5,0.04814814814814816
0,-6,0,1,0,0,0,0,0,0,0,1,1,1,1,0,1,0,0,1,0,1,0,0,1,1.5,0.04814814814814816
0,3,0,0,1,0,0,0,0,0,1,0,0,1,1,0,1,0,0,1,0,1,1,0,0,2.0238095238095237,0.12380952380952381
0,10,0,0,0,0,0,0,1,0,1,0,0,1,1,0,1,0,0,1,0,1,0,1,0,2.0238095238095237,0.12380952380952381
0,-11,1,0,0,0,0,0,0,0,1,0,0,1,1,0,1,0,0,1,0,1,1,0,0,2.0238095238095237,0.12380952380952381
0,7,0,1,0,0,0,0,0,0,1,0,0,1,1,0,1,0,0,1,0,1,0,1,0,2.0238095238095237,0.12380952380952381
0,7,0,0,0,0,0,1,0,0,0,1,1,1,1,1,1,0,0,1,1,0,1,0,0,2.916666666666667,0.010752688172043001
0,-4,0,1,0,0,0,0,0,0,0,1,1,1,1,1,1,0,0,1,1,0,0,1,0,2.916666666666667,0.010752688172043001
1,-2,0,0,0,0,1,0,0,0,0,1,1,1,1,1,1,0,0,1,1,0,1,0,0,2.916666666666667,0.010752688172043001
0,-5,0,0,1,0,0,0,0,0,0,1,1,1,1,1,1,0,0,1,1,0,0,1,0,2.916666666666667,0.010752688172043001
0,-12,0,0,0,0,0,0,0,1,1,0,1,0,1,0,0,1,0,0,0,1,0,1,0,0.0,-0.16883116883116878
0,3,0,0,0,0,1,0,0,0,1,0,1,0,1,0,0,1,0,0,0,1,1,0,0,0.0,-0.16883116883116878
0,-5,1,0,0,0,0,0,0,0,1,0,1,0,1,0,0,1,0,0,0,1,0,0,1,0.0,-0.16883116883116878
0,-5,0,0,0,0,0,0,0,1,0,0,1,1,1,0,1,0,1,0,1,0,1,0,0,2.4523809523809526,-0.030303030303030276
0,-5,0,0,0,0,0,1,0,0,0,0,1,1,1,0,1,0,1,0,1,0,0,1,0,2.4523809523809526,-0.030303030303030276
0,4,0,0,0,0,0,1,0,0,0,1,0,0,0,0,0,0,1,1,1,0,0,1,0,-1.7333333333333334,-0.1333333333333333
0,-6,0,1,0,0,0,0,0,0,0,1,0,0,0,0,0,0,1,1,1,0,1,0,0,-1.7333333333333334,-0.1333333333333333
0,-7,0,0,0,0,1,0,0,0,0,1,0,0,0,0,0,0,1,1,1,0,0,0,1,-1.7333333333333334,-0.1333333333333333
0,-3,0,0,0,0,0,1,0,0,0,0,1,0,1,1,0,1,0,0,0,0,1,0,0,3.4821428571428568,0.0714285714285714
1,-2,0,1,0,0,0,0,0,0,0,0,1,0,1,1,0,1,0,0,0,0,0,1,0,3.4821428571428568,0.0714285714285714
0,-3,0,0,1,0,0,0,0,0,0,0,1,1,1,0,0,0,1,1,0,0,1,0,0,2.9523809523809526,0.20512820512820512
0,7,0,0,0,0,0,0,1,0,0,0,1,1,1,0,0,0,1,1,0,0,0,1,0,2.9523809523809526,0.20512820512820512
1,-2,0,0,0,0,1,0,0,0,0,0,1,1,1,0,0,0,1,1,0,0,0,0,1,2.9523809523809526,0.20512820512820512
0,-5,1,0,0,0,0,0,0,0,1,0,1,0,1,0,1,0,1,0,1,0,1,0,0,-5.083333333333333,-0.45
0,-7,0,0,0,0,0,1,0,0,1,0,1,0,1,0,1,0,1,0,1,0,0,1,0,-5.083333333333333,-0.45
0,4,0,0,0,0,0,1,0,0,0,0,1,1,0,0,0,0,1,1,1,0,1,0,0,3.3285714285714283,0.2222222222222222
0,5,1,0,0,0,0,0,0,0,0,0,1,1,0,0,0,0,1,1,1,0,0,1,0,3.3285714285714283,0.2222222222222222
0,-3,1,0,0,0,0,0,0,0,0,0,1,0,1,1,0,0,1,1,1,1,0,1,0,4.357142857142858,0.4444444444444444
0,8,0,0,0,0,0,1,0,0,0,0,1,0,1,1,0,0,1,1,1,1,1,0,0,4.357142857142858,0.4444444444444444
0,-2,0,0,0,0,0,0,0,1,0,0,1,0,1,1,0,0,1,1,1,1,0,0,1,4.357142857142858,0.4444444444444444
0,2,0,0,0,0,0,1,0,0,0,0,1,1,0,0,0,1,0,0,0,0,1,0,0,1.775,0.1484962406015038
0,-2,0,0,0,0,1,0,0,0,0,0,1,1,0,0,0,1,0,0,0,0,0,1,0,1.775,0.1484962406015038
0,-7,0,1,0,0,0,0,0,0,0,0,1,1,0,0,0,1,0,0,0,0,0,0,1,1.775,0.1484962406015038
0,4,0,0,1,0,0,0,0,0,0,0,1,0,1,1,1,0,1,0,1,0,1,0,0,-4.071428571428571,-0.38333333333333336
0,-8,0,0,0,0,0,0,1,0,0,0,1,0,1,1,1,0,1,0,1,0,0,1,0,-4.071428571428571,-0.38333333333333336
0,-7,0,1,0,0,0,0,0,0,0,0,1,0,1,1,1,0,1,0,1,0,0,0,1,-4.071428571428571,-0.38333333333333336
0,5,0,0,0,0,1,0,0,0,0,0,1,1,1,0,0,1,0,0,0,1,1,0,0,4.0,0.0
0,-7,0,0,0,0,0,1,0,0,0,0,1,1,1,0,0,1,0,0,0,1,0,1,0,4.0,0.0
0,6,0,0,0,0,0,0,0,1,0,0,1,1,1,0,0,1,0,0,0,1,0,0,1,4.0,0.0
0,-11,0,0,0,0,0,1,0,0,0,1,0,0,0,0,0,0,1,1,0,0,1,0,0,-1.2916666666666667,-0.19444444444444442
0,-8,0,0,0,0,1,0,0,0,0,1,0,0,0,0,0,0,1,1,0,0,0,1,0,-1.2916666666666667,-0.19444444444444442
0,5,0,0,0,0,0,0,1,0,0,0,1,1,0,0,0,0,1,1,1,1,0,1,0,3.0,0.372822299651568
0,6,0,0,0,0,0,1,0,0,0,0,1,1,0,0,0,0,1,1,1,1,1,0,0,3.0,0.372822299651568
0,9,0,0,0,0,1,0,0,0,1,0,1,0,1,0,0,0,1,1,1,0,0,1,0,-4.285714285714286,-0.11363636363636359
1,-2,0,0,1,0,0,0,0,0,1,0,1,0,1,0,0,0,1,1,1,0,1,0,0,-4.285714285714286,-0.11363636363636359
0,-7,0,0,0,0,0,1,0,0,1,0,1,0,1,0,0,0,1,1,1,0,0,0,1,-4.285714285714286,-0.11363636363636359
0,7,1,0,0,0,0,0,0,0,0,0,1,0,1,1,0,0,1,1,0,0,0,1,0,-3.125,-0.1454545454545454
0,5,0,0,0,0,0,1,0,0,0,0,1,0,1,1,0,0,1,1,0,0,1,0,0,-3.125,-0.1454545454545454
0,-4,0,0,0,0,0,0,0,1,0,1,0,0,0,0,0,1,0,0,0,1,1,0,0,-3.125,-0.2705882352941176
0,4,1,0,0,0,0,0,0,0,0,1,0,0,0,0,0,1,0,0,0,1,0,1,0,-3.125,-0.2705882352941176
0,-5,0,0,0,0,0,1,0,0,0,1,0,0,0,0,0,1,0,0,0,1,0,0,1,-3.125,-0.2705882352941176
0,-3,0,1,0,0,0,0,0,0,0,0,1,1,0,0,1,0,1,0,1,0,0,1,0,-2.8571428571428577,-0.0948121645796065
0,4,1,0,0,0,0,0,0,0,0,0,1,1,0,0,1,0,1,0,1,0,1,0,0,-2.8571428571428577,-0.0948121645796065
0,-6,0,0,0,0,0,0,1,0,0,0,1,1,0,0,1,0,1,0,1,0,0,0,1,-2.8571428571428577,-0.0948121645796065
0,-4,0,0,0,0,0,1,0,0,0,1,0,0,0,0,0,0,1,1,1,1,1,0,0,-0.9821428571428572,0.008547008547008489
0,6,0,0,0,0,0,0,1,0,0,1,0,0,0,0,0,0,1,1,1,1,0,1,0,-0.9821428571428572,0.008547008547008489
0,9,1,0,0,0,0,0,0,0,0,1,0,0,0,0,0,0,1,1,1,1,0,0,1,-0.9821428571428572,0.008547008547008489
0,3,0,0,0,0,0,1,0,0,1,0,1,0,1,0,0,0,1,1,0,0,0,1,0,-3.9642857142857144,-0.1948717948717949
0,9,0,0,0,0,1,0,0,0,1,0,1,0,1,0,0,0,1,1,0,0,1,0,0,-3.9642857142857144,-0.1948717948717949
0,4,0,0,0,0,1,0,0,0,0,0,1,1,1,0,0,1,0,0,0,0,1,0,0,-0.6111111111111112,-0.022071307300509324
0,5,0,0,0,0,0,0,0,1,0,0,1,1,1,0,0,1,0,0,0,0,0,1,0,-0.6111111111111112,-0.022071307300509324
0,-2,0,0,0,0,0,1,0,0,0,0,1,0,1,1,0,0,1,1,1,0,1,0,0,0.5,0.04201680672268909
0,-3,0,1,0,0,0,0,0,0,0,0,1,0,1,1,0,0,1,1,1,0,0,1,0,0.5,0.04201680672268909
0,5,0,0,0,0,0,0,1,0,0,0,1,1,0,0,0,1,0,0,0,1,0,1,0,-1.7916666666666667,0.15217391304347827
1,2,1,0,0,0,0,0,0,0,0,0,1,1,0,0,0,1,0,0,0,1,1,0,0,-1.7916666666666667,0.15217391304347827
0,9,0,0,0,0,0,1,0,0,0,0,1,1,1,0,0,0,1,1,1,1,0,1,0,5.0,0.3214285714285714
0,-4,0,0,1,0,0,0,0,0,0,0,1,1,1,0,0,0,1,1,1,1,1,0,0,5.0,0.3214285714285714
0,11,0,0,0,0,0,0,0,1,0,0,1,1,1,0,0,0,1,1,1,1,0,0,1,5.0,0.3214285714285714
0,-9,0,0,0,0,0,0,0,1,1,0,1,0,1,0,0,1,0,0,0,0,0,1,0,-0.4285714285714285,-0.16221033868092694
0,-6,0,0,0,0,1,0,0,0,1,0,1,0,1,0,0,1,0,0,0,0,1,0,0,-0.4285714285714285,-0.16221033868092694
0,-8,1,0,0,0,0,0,0,0,0,1,0,0,0,0,0,1,0,0,0,0,1,0,0,-3.4821428571428568,-0.23035714285714282
0,-7,0,1,0,0,0,0,0,0,0,1,0,0,0,0,0,1,0,0,0,0,0,1,0,-3.4821428571428568,-0.23035714285714282
0,-3,0,0,0,0,0,0,1,0,1,0,1,0,1,0,0,0,1,1,1,1,1,0,0,4.321428571428571,0.0491228070175439
0,8,0,0,0,0,0,1,0,0,1,0,1,0,1,0,0,0,1,1,1,1,0,1,0,4.321428571428571,0.0491228070175439
0,2,1,0,0,0,0,0,0,0,1,0,1,0,1,0,0,0,1,1,1,1,0,0,1,4.321428571428571,0.0491228070175439
0,-2,0,1,0,0,0,0,0,0,0,0,1,0,1,1,0,1,0,0,0,1,0,1,0,0.1785714285714286,-0.033492822966507185
0,4,0,0,0,0,0,1,0,0,0,0,1,0,1,1,0,1,0,0,0,1,1,0,0,0.1785714285714286,-0.033492822966507185
0,3,0,0,0,0,0,0,0,1,0,0,1,0,1,1,0,1,0,0,0,1,0,0,1,0.1785714285714286,-0.033492822966507185
0,2,0,0,0,0,0,0,0,1,0,0,1,1,1,0,0,0,1,1,1,0,1,0,0,4.196428571428571,0.08333333333333337
0,-2,0,0,0,0,0,1,0,0,0,0,1,1,1,0,0,0,1,1,1,0,0,1,0,4.196428571428571,0.08333333333333337
0,-3,0,0,1,0,0,0,0,0,0,0,1,1,1,0,0,0,1,1,1,0,0,0,1,4.196428571428571,0.08333333333333337
0,-4,0,1,0,0,0,0,0,0,0,1,0,0,0,0,1,0,1,0,1,0,0,1,0,-4.625,-0.4722222222222222
0,-9,0,0,1,0,0,0,0,0,0,1,0,0,0,0,1,0,1,0,1,0,1,0,0,-4.625,-0.4722222222222222
0,10,0,0,1,0,0,0,0,0,0,0,1,1,0,0,0,0,1,1,0,0,0,1,0,2.6904761904761902,0.2666666666666666
0,-2,1,0,0,0,0,0,0,0,0,0,1,1,0,0,0,0,1,1,0,0,1,0,0,2.6904761904761902,0.2666666666666666
0,-3,0,0,0,0,0,0,1,0,0,0,1,1,0,0,0,0,1,1,0,0,0,0,1,2.6904761904761902,0.2666666666666666
0,-6,0,0,0,0,0,1,0,0,0,0,1,1,1,0,1,0,1,0,1,1,0,1,0,1.0357142857142858,0.1010101010101011
0,-2,0,0,0,0,0,0,0,1,0,0,1,1,1,0,1,0,1,0,1,1,1,0,0,1.0357142857142858,0.1010101010101011
0,13,0,0,0,0,0,1,0,0,0,1,0,0,1,1,0,0,1,1,1,0,0,1,0,2.5,0.04125177809388336
0,4,0,0,0,0,0,0,0,1,0,1,0,0,1,1,0,0,1,1,1,0,0,0,1,2.5,0.04125177809388336
0,-6,0,1,0,0,0,0,0,0,0,1,0,0,1,1,0,0,1,1,1,0,1,0,0,2.5,0.04125177809388336
0,-4,1,0,0,0,0,0,0,0,0,0,1,1,0,0,1,0,1,0,1,1,1,0,0,-0.2678571428571428,0.1470588235294118
0,5,0,0,0,0,0,0,0,1,0,0,1,1,0,0,1,0,1,0,1,1,0,1,0,-0.2678571428571428,0.1470588235294118
0,-6,0,0,1,0,0,0,0,0,0,0,1,1,0,0,1,0,1,0,1,1,0,0,1,-0.2678571428571428,0.1470588235294118
0,-7,0,0,0,0,0,1,0,0,0,0,1,1,1,1,0,1,0,0,0,0,0,1,0,-2.2321428571428568,0.20277777777777783
0,3,1,0,0,0,0,0,0,0,0,0,1,1,1,1,0,1,0,0,0,0,1,0,0,-2.2321428571428568,0.20277777777777783
0,-7,0,1,0,0,0,0,0,0,0,0,1,1,1,1,0,1,0,0,0,0,0,0,1,-2.2321428571428568,0.20277777777777783
0,-10,0,0,0,0,0,1,0,0,0,0,1,0,1,1,0,1,0,0,0,0,1,0,0,-2.375,-0.06287683031869085
0,-8,0,0,0,0,0,0,0,1,0,0,1,0,1,1,0,1,0,0,0,0,0,1,0,-2.375,-0.06287683031869085
0,-5,0,1,0,0,0,0,0,0,0,0,1,1,0,0,1,0,1,0,1,0,0,1,0,0.0,-0.08465608465608465
0,2,0,0,0,0,0,0,0,1,0,0,1,1,0,0,1,0,1,0,1,0,1,0,0,0.0,-0.08465608465608465
0,5,1,0,0,0,0,0,0,0,0,0,1,1,0,0,1,0,1,0,1,0,0,0,1,0.0,-0.08465608465608465
0,-11,0,0,0,0,0,1,0,0,0,0,1,0,1,1,0,1,0,0,1,1,1,0,0,-0.9365079365079365,-0.14882032667876582
0,-2,0,0,0,0,1,0,0,0,0,0,1,0,1,1,0,1,0,0,1,1,0,1,0,-0.9365079365079365,-0.14882032667876582
0,-4,0,1,0,0,0,0,0,0,0,0,1,0,1,1,0,1,0,0,1,1,1,0,0,-0.9365079365079365,-0.14882032667876582
0,-4,0,0,0,0,0,1,0,0,0,1,0,0,1,1,0,1,0,0,1,1,1,0,0,3.4444444444444446,-0.050000000000000044
0,4,0,0,0,0,0,0,0,1,0,1,0,0,1,1,0,1,0,0,1,1,0,1,0,3.4444444444444446,-0.050000000000000044
0,2,0,0,0,0,1,0,0,0,0,1,0,0,1,1,0,1,0,0,1,1,1,0,0,3.4444444444444446,-0.050000000000000044
0,-4,0,1,0,0,0,0,0,0,0,1,0,0,1,1,0,1,0,0,1,1,0,1,0,3.4444444444444446,-0.050000000000000044
0,5,0,0,0,0,0,0,1,0,0,1,0,0,1,1,0,1,0,0,1,1,0,0,1,3.4444444444444446,-0.050000000000000044
0,-6,0,0,0,0,1,0,0,0,0,0,0,0,1,0,0,0,0,1,1,1,1,0,0,0.0,-0.15873015873015872
0,6,0,0,0,0,0,0,0,1,0,0,0,0,1,0,0,0,0,1,1,1,0,1,0,0.0,-0.15873015873015872
1,2,1,0,0,0,0,0,0,0,0,0,0,0,1,0,0,0,0,1,1,1,0,0,1,0.0,-0.15873015873015872
0,3,0,0,1,0,0,0,0,0,0,0,0,0,0,1,0,0,1,0,1,0,1,0,0,0.5714285714285715,0.15428571428571425
0,11,0,0,0,0,0,0,0,1,0,0,0,0,0,1,0,0,1,0,1,0,0,1,0,0.5714285714285715,0.15428571428571425
0,5,0,0,0,0,0,1,0,0,0,0,1,0,0,0,0,0,1,0,0,0,1,0,0,1.8,-0.06153846153846154
0,10,0,0,0,0,1,0,0,0,0,0,1,0,0,0,0,0,1,0,0,0,0,1,0,1.8,-0.06153846153846154
0,3,0,0,0,0,1,0,0,0,0,0,0,1,1,1,0,0,0,1,0,0,0,1,0,0.41666666666666663,0.2764227642276423
0,7,0,0,0,0,0,0,1,0,0,0,0,1,1,1,0,0,0,1,0,0,1,0,0,0.41666666666666663,0.2764227642276423
0,6,0,0,0,0,0,1,0,0,0,0,0,1,0,1,0,0,0,0,0,1,0,1,0,1.1,0.2
0,-2,0,0,0,0,1,0,0,0,0,0,0,1,0,1,0,0,0,0,0,1,1,0,0,1.1,0.2
0,6,0,0,1,0,0,0,0,0,0,0,0,1,0,1,0,0,0,0,0,1,0,0,1,1.1,0.2
0,-4,0,1,0,0,0,0,0,0,0,0,1,0,0,0,0,0,0,1,0,0,0,1,0,3.125,0.35
0,-5,0,0,0,0,0,0,1,0,0,0,1,0,0,0,0,0,0,1,0,0,1,0,0,3.125,0.35
1,-2,0,0,0,0,0,1,0,0,0,0,0,1,1,1,0,0,0,1,1,1,1,0,0,3.8686868686868685,0.21124031007751937
0,-2,0,0,0,0,1,0,0,0,0,0,0,1,1,1,0,0,0,1,1,1,0,1,0,3.8686868686868685,0.21124031007751937
0,7,0,0,0,0,1,0,0,0,0,0,0,1,0,1,0,0,0,0,1,0,1,0,0,0.0357142857142857,-0.20833333333333337
0,5,0,0,0,0,0,0,0,1,0,0,0,1,0,1,0,0,0,0,1,0,0,1,0,0.0357142857142857,-0.20833333333333337
0,11,0,0,0,0,0,0,1,0,0,0,0,0,0,1,0,0,0,0,0,1,0,1,0,5.571428571428571,0.634920634920635
0,5,0,0,1,0,0,0,0,0,0,0,0,0,0,1,0,0,0,0,0,1,1,0,0,5.571428571428571,0.634920634920635
0,-4,0,0,0,0,0,1,0,0,0,0,0,0,1,0,0,0,1,0,0,0,1,0,0,1.0000000000000002,-0.02857142857142847
0,5,0,0,0,0,0,0,0,1,0,0,0,0,1,0,0,0,1,0,0,0,0,1,0,1.0000000000000002,-0.02857142857142847
0,9,0,0,0,0,0,0,1,0,0,0,0,0,1,0,0,0,1,0,0,0,0,0,1,1.0000000000000002,-0.02857142857142847
0,10,0,0,0,0,0,1,0,0,0,0,0,1,1,1,0,0,0,0,1,0,1,0,0,3.746031746031746,0.09999999999999998
0,6,0,1,0,0,0,0,0,0,0,0,0,1,1,1,0,0,0,0,1,0,0,1,0,3.746031746031746,0.09999999999999998
0,-2,0,1,0,0,0,0,0,0,0,0,0,0,1,0,0,0,1,0,1,0,1,0,0,5.035714285714286,-0.05698005698005698
0,9,0,0,0,0,1,0,0,0,0,0,0,0,1,0,0,0,1,0,1,0,0,1,0,5.035714285714286,-0.05698005698005698
0,4,0,0,0,0,0,1,0,0,0,0,0,0,1,0,0,0,1,0,1,0,0,0,1,5.035714285714286,-0.05698005698005698
0,8,0,0,0,0,0,1,0,0,0,0,0,1,0,1,0,0,1,0,0,0,0,1,0,5.839285714285714,0.09999999999999998
0,4,0,0,1,0,0,0,0,0,0,0,0,1,0,1,0,0,1,0,0,0,1,0,0,5.839285714285714,0.09999999999999998
0,-9,0,0,0,0,0,0,0,1,0,0,0,0,0,1,0,0,0,1,1,1,1,0,0,3.9107142857142856,0.31818181818181823
0,-9,0,1,0,0,0,0,0,0,0,0,0,0,0,1,0,0,0,1,1,1,0,1,0,3.9107142857142856,0.31818181818181823
0,10,0,0,0,0,0,1,0,0,0,0,1,0,0,0,0,0,0,0,0,1,0,1,0,5.857142857142857,0.41830065359477125
0,10,0,0,0,0,1,0,0,0,0,0,1,0,0,0,0,0,0,0,0,1,1,0,0,5.857142857142857,0.41830065359477125
0,-6,0,1,0,0,0,0,0,0,0,0,0,0,1,0,0,0,0,1,0,0,0,1,0,3.555555555555556,0.09999999999999998
0,-7,1,0,0,0,0,0,0,0,0,0,0,0,1,0,0,0,0,1,0,0,1,0,0,3.555555555555556,0.09999999999999998
0,3,0,0,0,0,0,1,0,0,0,0,0,1,1,1,0,0,1,0,0,0,1,0,0,8.952380952380953,0.28368794326241137
0,-2,0,1,0,0,0,0,0,0,0,0,0,1,1,1,0,0,1,0,0,0,0,1,0,8.952380952380953,0.28368794326241137
0,-3,0,0,0,0,0,0,0,1,0,0,0,1,1,1,0,0,1,0,0,0,0,0,1,8.952380952380953,0.28368794326241137
0,4,0,0,0,0,0,0,1,0,0,0,0,0,0,1,0,0,0,0,1,0,0,1,0,5.285714285714286,0.2548076923076923
0,10,0,0,1,0,0,0,0,0,0,0,0,0,0,1,0,0,0,0,1,0,1,0,0,5.285714285714286,0.2548076923076923
0,-7,0,0,1,0,0,0,0,0,0,0,1,0,0,0,0,0,0,1,1,1,0,1,0,1.4761904761904758,0.016447368421052655
0,5,0,0,0,0,1,0,0,0,0,0,1,0,0,0,0,0,0,1,1,1,1,0,0,1.4761904761904758,0.016447368421052655
0,-4,0,0,0,0,0,1,0,0,0,0,1,0,0,0,0,0,0,1,1,1,0,0,1,1.4761904761904758,0.016447368421052655
0,5,0,0,0,0,0,0,1,0,0,0,0,1,0,1,0,0,1,0,1,0,1,0,0,9.428571428571427,0.08333333333333337
0,5,1,0,0,0,0,0,0,0,0,0,0,1,0,1,0,0,1,0,1,0,0,1,0,9.428571428571427,0.08333333333333337
0,4,0,0,0,0,1,0,0,0,0,0,1,0,0,0,0,0,0,0,1,0,1,0,0,7.714285714285714,0.15656565656565652
0,10,0,1,0,0,0,0,0,0,0,0,1,0,0,0,0,0,0,0,1,0,0,1,0,7.714285714285714,0.15656565656565652
0,-6,0,0,0,0,0,1,0,0,0,0,0,1,1,1,0,0,1,0,1,0,1,0,0,6.428571428571429,0.13124999999999998
0,-5,0,0,0,0,1,0,0,0,0,0,0,1,1,1,0,0,1,0,1,0,0,1,0,6.428571428571429,0.13124999999999998
0,-11,1,0,0,0,0,0,0,0,0,0,0,0,1,0,0,0,0,0,0,1,0,1,0,7.571428571428571,0.35353535353535354
0,10,0,0,0,0,0,1,0,0,0,0,0,0,1,0,0,0,0,0,0,1,1,0,0,7.571428571428571,0.35353535353535354
0,5,0,1,0,0,0,0,0,0,0,0,0,0,1,0,0,0,0,0,0,1,0,0,1,7.571428571428571,0.35353535353535354
0,-7,1,0,0,0,0,0,0,0,0,0,0,0,0,1,0,0,1,0,0,0,1,0,0,4.5,0.33333333333333326
1,2,0,0,0,0,0,1,0,0,0,0,0,0,0,1,0,0,1,0,0,0,0,1,0,4.5,0.33333333333333326
0,-2,0,0,0,0,0,0,0,1,0,0,0,0,0,1,0,0,1,0,0,0,0,0,1,4.5,0.33333333333333326
0,6,0,0,0,0,0,0,0,1,0,0,0,1,0,1,0,0,0,1,0,0,0,1,0,3.666666666666667,0.1428571428571429
0,-2,0,0,1,0,0,0,0,0,0,0,0,1,0,1,0,0,0,1,0,0,1,0,0,3.666666666666667,0.1428571428571429
0,5,0,0,0,0,0,0,1,0,0,0,0,1,0,1,0,0,0,1,0,0,0,0,1,3.666666666666667,0.1428571428571429
0,8,0,0,0,0,0,0,1,0,0,0,0,1,1,1,0,0,0,0,0,1,1,0,0,6.142857142857143,0.4340659340659341
0,4,0,0,0,0,1,0,0,0,0,0,0,1,1,1,0,0,0,0,0,1,0,1,0,6.142857142857143,0.4340659340659341
0,-5,0,0,0,0,0,0,1,0,0,0,0,0,0,1,0,0,0,1,0,0,1,0,0,-3.428571428571428,0.19999999999999996
0,-6,0,1,0,0,0,0,0,0,0,0,0,0,0,1,0,0,0,1,0,0,0,1,0,-3.428571428571428,0.19999999999999996
0,-9,1,0,0,0,0,0,0,0,0,0,0,1,0,1,0,0,0,1,1,1,1,0,0,0.4285714285714288,0.06811145510835914
1,2,0,0,1,0,0,0,0,0,0,0,0,1,0,1,0,0,0,1,1,1,0,1,0,0.4285714285714288,0.06811145510835914
0,-3,0,0,0,0,0,1,0,0,0,0,0,1,0,1,0,0,0,1,1,1,0,0,1,0.4285714285714288,0.06811145510835914
1,2,0,0,0,0,1,0,0,0,0,0,0,0,1,0,0,0,0,0,1,0,1,0,0,7.583333333333333,0.12619047619047613
0,4,0,0,0,0,0,0,0,1,0,0,0,0,1,0,0,0,0,0,1,0,0,1,0,7.583333333333333,0.12619047619047613
0,-2,0,1,0,0,0,0,0,0,0,0,1,0,0,0,0,0,1,0,1,0,1,0,0,5.428571428571429,0.08333333333333337
0,-9,0,0,0,0,1,0,0,0,0,0,1,0,0,0,0,0,1,0,1,0,0,1,0,5.428571428571429,0.08333333333333337
0,-7,0,0,0,0,0,1,0,0,0,0,0,0,1,0,0,0,0,1,0,1,1,0,0,0.0,-0.01672240802675584
1,-2,1,0,0,0,0,0,0,0,0,0,0,0,1,0,0,0,0,1,0,1,0,1,0,0.0,-0.01672240802675584
0,7,0,1,0,0,0,0,0,0,1,0,1,0,1,1,0,0,1,0,1,0,1,0,0,0.1428571428571428,0.0016339869281045694
0,9,0,0,0,0,1,0,0,0,1,0,1,0,1,1,0,0,1,0,1,0,0,1,0,0.1428571428571428,0.0016339869281045694
0,-8,0,0,0,0,1,0,0,0,0,0,0,1,0,1,0,0,0,1,0,1,1,0,0,-0.875,0.02857142857142858
0,-5,1,0,0,0,0,0,0,0,0,0,0,1,0,1,0,0,0,1,0,1,0,1,0,-0.875,0.02857142857142858
0,-10,0,1,0,0,0,0,0,0,0,0,0,1,0,0,0,0,0,1,0,0,0,1,0,1.678571428571428,0.011961722488038284
1,2,0,0,0,0,0,0,0,1,0,0,0,1,0,0,0,0,0,1,0,0,1,0,0,1.678571428571428,0.011961722488038284
0,-3,0,0,0,0,1,0,0,0,0,0,0,1,0,0,0,0,0,1,0,0,0,0,1,1.678571428571428,0.011961722488038284
0,-8,1,0,0,0,0,0,0,0,0,0,1,0,0,0,0,0,0,1,0,0,1,0,0,-3.595238095238096,0.009090909090909038
0,5,0,1,0,0,0,0,0,0,0,0,1,0,0,0,0,0,0,1,0,0,0,1,0,-3.595238095238096,0.009090909090909038
0,-2,0,0,0,0,0,0,1,0,0,0,1,0,0,0,0,0,0,1,0,0,0,0,1,-3.595238095238096,0.009090909090909038
0,7,0,0,0,0,0,1,0,0,0,0,0,1,0,1,0,0,0,1,1,1,0,1,0,-2.3055555555555554,-0.014545454545454639
0,-2,0,0,0,0,1,0,0,0,0,0,0,1,0,1,0,0,0,1,1,1,1,0,0,-2.3055555555555554,-0.014545454545454639
0,-5,0,0,0,0,0,0,0,1,0,0,0,1,0,1,0,0,0,1,1,1,0,0,1,-2.3055555555555554,-0.014545454545454639
1,-2,0,1,0,0,0,0,0,0,0,0,1,0,0,0,0,0,0,1,1,1,1,0,0,2.5396825396825395,0.0043290043290044045
0,6,0,0,1,0,0,0,0,0,0,0,1,0,0,0,0,0,0,1,1,1,0,1,0,2.5396825396825395,0.0043290043290044045
1,-2,0,0,0,0,1,0,0,0,0,0,1,0,0,0,0,0,0,1,1,1,1,0,0,2.5396825396825395,0.0043290043290044045
0,3,0,0,0,0,0,1,0,0,0,0,1,0,0,0,0,0,0,1,1,1,0,1,0,2.5396825396825395,0.0043290043290044045
0,2,1,0,0,0,0,0,0,0,0,0,1,0,0,0,0,0,0,1,1,1,0,0,1,2.5396825396825395,0.0043290043290044045
0,4,0,1,0,0,0,0,0,0,1,0,1,0,1,1,0,0,0,1,0,1,1,0,0,2.5,0.021052631578947323
0,6,0,0,1,0,0,0,0,0,1,0,1,0,1,1,0,0,0,1,0,1,0,1,0,2.5,0.021052631578947323
0,5,0,0,0,0,0,0,0,1,1,0,1,0,1,1,0,0,0,1,0,1,1,0,0,2.5,0.021052631578947323
0,5,0,0,1,0,0,0,0,0,0,0,1,0,0,0,1,0,1,0,1,1,0,1,0,2.568181818181818,0.09908536585365857
0,-12,0,0,0,0,1,0,0,0,0,0,1,0,0,0,1,0,1,0,1,1,1,0,0,2.568181818181818,0.09908536585365857
1,2,0,0,0,0,0,1,0,0,0,0,1,0,0,0,1,0,1,0,1,1,0,0,1,2.568181818181818,0.09908536585365857
0,6,0,0,0,0,0,0,0,1,0,1,1,1,1,1,0,1,1,1,0,0,0,1,0,1.25,0.09285714285714286
1,-2,0,0,0,0,0,1,0,0,0,1,1,1,1,1,0,1,1,1,0,0,1,0,0,1.25,0.09285714285714286
0,3,0,0,0,0,1,0,0,0,0,1,1,1,1,1,0,1,1,1,0,0,0,0,1,1.25,0.09285714285714286
0,-6,0,0,0,0,1,0,0,0,0,0,1,1,0,0,0,0,0,1,1,1,0,1,0,3.090909090909091,0.08531468531468533
0,8,0,0,0,0,0,1,0,0,0,0,1,1,0,0,0,0,0,1,1,1,1,0,0,3.090909090909091,0.08531468531468533
0,6,0,0,1,0,0,0,0,0,0,0,1,1,0,0,0,0,0,1,1,1,0,0,1,3.090909090909091,0.08531468531468533
0,8,0,0,0,0,1,0,0,0,0,1,1,0,0,1,1,0,0,1,0,1,0,1,0,2.7777777777777777,0.11538461538461542
0,8,0,0,0,0,0,0,0,1,0,1,1,0,0,1,1,0,0,1,0,1,1,0,0,2.7777777777777777,0.11538461538461542
1,2,0,0,0,0,0,1,0,0,0,1,1,1,1,1,0,1,0,0,1,1,0,1,0,-1.1111111111111112,-0.0007739938080495445
0,-6,0,0,0,0,0,0,0,1,0,1,1,1,1,1,0,1,0,0,1,1,1,0,0,-1.1111111111111112,-0.0007739938080495445
0,-2,1,0,0,0,0,0,0,0,0,1,1,1,1,1,0,1,0,0,1,1,0,0,1,-1.1111111111111112,-0.0007739938080495445
0,-4,0,0,0,0,0,1,0,0,0,0,1,0,0,0,0,1,0,1,0,0,0,1,0,-3.070707070707071,-0.08869179600886923
0,7,0,1,0,0,0,0,0,0,0,0,1,0,0,0,0,1,0,1,0,0,1,0,0,-3.070707070707071,-0.08869179600886923
0,5,0,0,0,0,0,0,1,0,0,0,1,0,0,0,0,1,0,1,0,0,0,0,1,-3.070707070707071,-0.08869179600886923
0,4,0,0,1,0,0,0,0,0,0,0,0,1,0,0,1,0,1,0,1,1,0,1,0,2.3863636363636367,0.0992063492063493
0,6,0,0,0,0,0,0,0,1,0,0,0,1,0,0,1,0,1,0,1,1,1,0,0,2.3863636363636367,0.0992063492063493
0,-3,0,1,0,0,0,0,0,0,1,0,0,0,0,1,0,1,1,1,0,0,0,1,0,-1.9999999999999998,-0.04390681003584229
1,-2,1,0,0,0,0,0,0,0,1,0,0,0,0,1,0,1,1,1,0,0,1,0,0,-1.9999999999999998,-0.04390681003584229
0,-9,0,0,0,0,0,0,0,1,0,1,1,1,1,1,0,1,0,1,0,0,0,1,0,-0.09999999999999998,-0.0038802660753880502
0,7,0,0,0,0,0,1,0,0,0,1,1,1,1,1,0,1,0,1,0,0,1,0,0,-0.09999999999999998,-0.0038802660753880502
1,-2,0,0,0,0,1,0,0,0,0,1,1,1,1,1,0,1,0,1,0,0,0,0,1,-0.09999999999999998,-0.0038802660753880502
0,12,0,0,0,0,0,0,0,1,0,1,0,1,0,0,0,0,0,1,1,1,0,1,0,-0.7222222222222223,-0.0071770334928230595
0,-2,0,0,0,0,0,1,0,0,0,1,0,1,0,0,0,0,0,1,1,1,1,0,0,-0.7222222222222223,-0.0071770334928230595
0,2,0,1,0,0,0,0,0,0,0,1,0,1,0,0,0,0,0,1,1,1,0,0,1,-0.7222222222222223,-0.0071770334928230595
0,11,0,0,0,0,1,0,0,0,1,0,1,0,1,1,0,1,1,1,0,0,0,1,0,2.1944444444444446,0.08730158730158732
0,8,0,1,0,0,0,0,0,0,1,0,1,0,1,1,0,1,1,1,0,0,1,0,0,2.1944444444444446,0.08730158730158732
0,3,0,0,0,0,0,1,0,0,0,1,1,1,0,1,0,1,0,0,1,1,0,1,0,-0.2727272727272727,-0.07497928748964378
0,-3,0,1,0,0,0,0,0,0,0,1,1,1,0,1,0,1,0,0,1,1,1,0,0,-0.2727272727272727,-0.07497928748964378
0,-2,0,0,1,0,0,0,0,0,0,1,1,1,0,1,0,1,0,0,1,1,0,0,1,-0.2727272727272727,-0.07497928748964378
0,6,0,0,0,0,0,0,1,0,0,1,0,0,1,1,0,0,0,1,0,1,0,1,0,4.533333333333333,0.04680851063829783
0,-3,0,0,0,0,0,1,0,0,0,1,0,0,1,1,0,0,0,1,0,1,1,0,0,4.533333333333333,0.04680851063829783
0,-8,0,1,0,0,0,0,0,0,0,1,0,0,1,1,0,0,0,1,0,1,0,0,1,4.533333333333333,0.04680851063829783
0,-7,0,0,0,0,0,0,0,1,1,0,0,1,1,0,0,1,0,1,0,0,0,1,0,-0.7,0.057397328055418084
0,-10,0,0,0,0,0,0,1,0,1,0,0,1,1,0,0,1,0,1,0,0,1,0,0,-0.7,0.057397328055418084
0,-8,0,0,0,0,0,0,1,0,0,1,0,1,0,0,0,1,1,0,1,1,1,0,0,-1.7023809523809526,-0.01422475106685639
0,5,0,0,0,0,0,1,0,0,0,1,0,1,0,0,0,1,1,0,1,1,0,1,0,-1.7023809523809526,-0.01422475106685639
0,10,1,0,0,0,0,0,0,0,0,1,0,1,0,0,0,1,1,0,1,1,0,0,1,-1.7023809523809526,-0.01422475106685639
0,2,0,1,0,0,0,0,0,0,0,1,0,0,1,1,1,0,0,1,1,0,0,1,0,2.0,-0.059538784067086015
0,7,0,0,0,0,0,0,0,1,0,1,0,0,1,1,1,0,0,1,1,0,1,0,0,2.0,-0.059538784067086015
0,-3,0,0,0,0,1,0,0,0,1,0,1,0,1,1,0,1,0,0,1,1,1,0,0,3.0972222222222223,0.03153153153153154
0,-3,1,0,0,0,0,0,0,0,1,0,1,0,1,1,0,1,0,0,1,1,0,1,0,3.0972222222222223,0.03153153153153154
0,-6,0,0,0,0,1,0,0,0,0,0,1,0,0,0,0,1,0,1,0,0,0,1,0,-0.7361111111111112,-0.07265306122448978
0,2,1,0,0,0,0,0,0,0,0,0,1,0,0,0,0,1,0,1,0,0,1,0,0,-0.7361111111111112,-0.07265306122448978
0,9,0,0,0,0,0,1,0,0,0,0,1,0,0,0,0,1,0,1,0,0,0,0,1,-0.7361111111111112,-0.07265306122448978
0,8,0,0,1,0,0,0,0,0,1,0,1,0,1,1,0,1,0,0,0,0,1,0,0,3.3,0.025000000000000022
0,-3,0,0,0,0,0,0,0,1,1,0,1,0,1,1,0,1,0,0,0,0,0,1,0,3.3,0.025000000000000022
1,2,0,0,0,0,1,0,0,0,1,0,1,0,1,1,0,1,0,0,0,0,0,0,1,3.3,0.025000000000000022
0,6,0,1,0,0,0,0,0,0,0,1,1,0,0,1,0,1,1,1,0,0,0,1,0,2.0,0.07879924953095685
0,9,0,0,0,0,0,0,0,1,0,1,1,0,0,1,0,1,1,1,0,0,1,0,0,2.0,0.07879924953095685
0,-5,0,0,0,0,0,1,0,0,0,0,1,0,0,0,0,1,0,0,1,1,1,0,0,0.25,-0.07869910625620657
0,-3,1,0,0,0,0,0,0,0,0,0,1,0,0,0,0,1,0,0,1,1,0,1,0,0.25,-0.07869910625620657
1,-2,0,1,0,0,0,0,0,0,1,0,1,0,1,1,0,1,0,1,0,0,1,0,0,-1.0,-0.0010582010582010914
0,-12,0,0,0,0,0,0,0,1,1,0,1,0,1,1,0,1,0,1,0,0,0,1,0,-1.0,-0.0010582010582010914
0,-11,0,1,0,0,0,0,0,0,0,0,1,0,0,0,0,1,0,1,0,0,1,0,0,-3.1785714285714284,-0.09740259740259749
0,-7,0,0,0,0,1,0,0,0,0,0,1,0,0,0,0,1,0,1,0,0,0,1,0,-3.1785714285714284,-0.09740259740259749
0,-5,0,0,0,0,0,1,0,0,0,0,1,0,0,0,0,1,0,1,0,0,1,0,0,-3.1785714285714284,-0.09740259740259749
0,7,0,0,1,0,0,0,0,0,0,0,1,1,0,0,0,1,0,1,0,0,1,0,0,-5.142857142857143,-0.007170795306388533
0,-4,0,0,0,0,1,0,0,0,0,0,1,1,0,0,0,1,0,1,0,0,0,1,0,-5.142857142857143,-0.007170795306388533
0,-4,1,0,0,0,0,0,0,0,0,0,1,1,0,0,0,1,0,1,0,0,1,0,0,-5.142857142857143,-0.007170795306388533
0,9,0,0,0,0,0,1,0,0,0,0,1,1,0,0,0,1,0,1,0,0,0,1,0,-5.142857142857143,-0.007170795306388533
0,10,0,0,0,0,0,0,1,0,0,0,1,1,0,0,0,1,0,1,0,0,0,0,1,-5.142857142857143,-0.007170795306388533
0,-13,0,0,0,0,1,0,0,0,0,0,1,1,0,1,1,0,1,0,1,0,0,1,0,-0.875,-0.22666666666666663
0,2,0,0,0,0,0,0,0,1,0,0,1,1,0,1,1,0,1,0,1,0,1,0,0,-0.875,-0.22666666666666663
0,-9,0,0,1,0,0,0,0,0,0,0,1,1,0,1,1,0,1,0,1,0,0,0,1,-0.875,-0.22666666666666663
0,-3,1,0,0,0,0,0,0,0,0,0,1,1,1,0,0,0,1,0,1,1,0,1,0,3.0535714285714284,0.26724137931034486
0,5,0,0,0,0,0,0,0,1,0,0,1,1,1,0,0,0,1,0,1,1,1,0,0,3.0535714285714284,0.26724137931034486
0,5,0,0,0,0,0,0,1,0,0,0,1,1,1,0,0,0,1,0,1,1,0,0,1,3.0535714285714284,0.26724137931034486
1,-2,0,0,0,0,0,0,1,0,0,0,1,0,1,1,0,1,0,0,1,1,1,0,0,-6.305555555555555,-0.24519700423314883
0,8,0,0,0,0,0,1,0,0,0,0,1,0,1,1,0,1,0,0,1,1,0,1,0,-6.305555555555555,-0.24519700423314883
0,-4,0,0,0,0,0,0,0,1,0,0,1,0,1,1,0,1,0,0,1,1,0,0,1,-6.305555555555555,-0.24519700423314883
0,9,0,0,0,0,1,0,0,0,0,1,0,0,1,1,0,0,1,1,1,0,0,1,0,0.0,0.08620689655172409
0,6,0,0,0,0,0,0,0,1,0,1,0,0,1,1,0,0,1,1,1,0,1,0,0,0.0,0.08620689655172409
1,2,0,0,0,0,1,0,0,0,1,0,1,1,0,0,0,0,1,1,1,1,1,0,0,-0.36507936507936556,0.16666666666666663
0,4,1,0,0,0,0,0,0,0,1,0,1,1,0,0,0,0,1,1,1,1,0,1,0,-0.36507936507936556,0.16666666666666663
0,5,0,0,0,0,0,0,0,1,0,0,1,1,1,0,0,0,1,1,0,1,1,0,0,-1.0714285714285714,0.1676136363636364
0,3,1,0,0,0,0,0,0,0,0,0,1,1,1,0,0,0,1,1,0,1,0,1,0,-1.0714285714285714,0.1676136363636364
1,2,0,0,0,0,0,1,0,0,0,1,0,0,1,0,0,0,1,1,0,0,1,0,0,-1.3035714285714286,-0.041666666666666685
0,-3,1,0,0,0,0,0,0,0,0,1,0,0,1,0,0,0,1,1,0,0,0,1,0,-1.3035714285714286,-0.041666666666666685
0,3,0,0,0,0,1,0,0,0,0,1,0,0,1,0,0,0,1,1,0,0,0,0,1,-1.3035714285714286,-0.041666666666666685
0,9,0,0,0,0,0,0,1,0,0,1,0,0,1,1,1,0,1,0,1,0,1,0,0,1.6507936507936507,-0.06666666666666665
0,-5,0,0,0,1,0,0,0,0,0,1,0,0,1,1,1,0,1,0,1,0,0,1,0,1.6507936507936507,-0.06666666666666665
0,8,0,0,0,0,1,0,0,0,0,1,0,0,1,1,1,0,1,0,1,0,0,0,1,1.6507936507936507,-0.06666666666666665
0,7,0,0,0,0,0,1,0,0,1,0,1,0,1,0,0,0,1,0,1,1,1,0,0,2.7142857142857144,0.07246376811594202
0,7,0,0,0,0,0,0,0,1,1,0,1,0,1,0,0,0,1,0,1,1,0,1,0,2.7142857142857144,0.07246376811594202
0,-6,0,0,0,1,0,0,0,0,0,1,0,0,0,1,0,1,0,0,0,1,1,0,0,0.375,-0.1785714285714285
0,4,0,0,0,0,0,0,0,1,0,1,0,0,0,1,0,1,0,0,0,1,0,1,0,0.375,-0.1785714285714285
0,3,1,0,0,0,0,0,0,0,0,1,0,0,0,1,0,1,0,0,0,1,0,0,1,0.375,-0.1785714285714285
1,-2,0,0,0,0,0,0,1,0,0,0,1,1,1,1,0,0,1,1,0,0,1,0,0,0.7916666666666666,0.1550724637681159
1,-2,0,0,0,0,0,0,0,1,0,0,1,1,1,1,0,0,1,1,0,0,0,1,0,0.7916666666666666,0.1550724637681159
0,-3,0,0,0,1,0,0,0,0,0,0,1,1,1,0,1,0,1,0,1,1,1,0,0,1.375,0.1588235294117647
0,7,0,0,0,0,0,0,1,0,0,0,1,1,1,0,1,0,1,0,1,1,0,1,0,1.375,0.1588235294117647
1,2,0,0,0,0,1,0,0,0,0,0,1,1,1,0,1,0,1,0,1,1,0,0,1,1.375,0.1588235294117647
0,6,0,0,0,0,0,1,0,0,0,1,0,0,1,0,0,0,1,1,1,1,1,0,0,-1.5,0.1771336553945249
0,3,0,0,0,0,0,0,0,1,0,1,0,0,1,0,0,0,1,1,1,1,0,1,0,-1.5,0.1771336553945249
0,-5,0,0,0,0,0,0,1,0,0,0,1,1,0,1,0,0,1,1,0,0,0,1,0,-4.031746031746032,-0.10064516129032264
0,-3,0,0,0,0,0,0,0,1,0,0,1,1,0,1,0,0,1,1,0,0,1,0,0,-4.031746031746032,-0.10064516129032264
0,3,0,0,0,0,1,0,0,0,1,0,1,0,1,0,1,0,1,0,1,1,1,0,0,3.6071428571428568,-0.010733452593917725
0,-5,0,0,0,0,0,1,0,0,1,0,1,0,1,0,1,0,1,0,1,1,0,1,0,3.6071428571428568,-0.010733452593917725
0,-5,1,0,0,0,0,0,0,0,1,0,1,0,1,0,1,0,1,0,1,1,0,0,1,3.6071428571428568,-0.010733452593917725
0,-7,1,0,0,0,0,0,0,0,0,1,0,0,0,0,0,1,0,0,1,1,1,0,0,-7.257142857142856,-0.4111627906976745
0,3,0,0,0,0,0,0,0,1,0,1,0,0,0,0,0,1,0,0,1,1,0,1,0,-7.257142857142856,-0.4111627906976745
0,-2,0,0,0,0,1,0,0,0,0,1,0,0,0,0,0,1,0,0,1,1,0,0,1,-7.257142857142856,-0.4111627906976745
0,9,0,0,0,0,1,0,0,0,0,1,0,0,1,1,0,0,1,1,1,1,0,1,0,4.5,0.3231746031746031
0,5,0,0,0,0,0,0,0,1,0,1,0,0,1,1,0,0,1,1,1,1,1,0,0,4.5,0.3231746031746031
0,-2,1,0,0,0,0,0,0,0,0,0,1,1,1,1,0,0,1,1,1,0,1,0,0,1.0714285714285714,0.07650862068965514
0,3,0,0,0,1,0,0,0,0,0,0,1,1,1,1,0,0,1,1,1,0,0,1,0,1.0714285714285714,0.07650862068965514
0,8,0,0,0,0,1,0,0,0,0,0,1,1,1,1,0,0,1,1,1,0,0,0,1,1.0714285714285714,0.07650862068965514
0,6,0,0,0,0,0,1,0,0,0,1,0,0,1,1,0,0,1,1,0,0,1,0,0,4.428571428571428,0.05982905982905984
0,-6,1,0,0,0,0,0,0,0,0,1,0,0,1,1,0,0,1,1,0,0,0,1,0,4.428571428571428,0.05982905982905984
0,3,0,0,0,0,0,0,0,1,0,1,0,0,1,1,0,0,1,1,0,0,0,0,1,4.428571428571428,0.05982905982905984
0,12,0,0,0,0,0,1,0,0,0,0,1,1,0,0,0,0,1,1,0,1,0,1,0,2.142857142857143,0.2723750484308408
0,7,1,0,0,0,0,0,0,0,0,0,1,1,0,0,0,0,1,1,0,1,1,0,0,2.142857142857143,0.2723750484308408
0,6,0,0,0,0,1,0,0,0,0,0,1,1,1,1,0,0,1,1,1,1,1,0,0,2.267857142857143,0.3407407407407408
0,-7,1,0,0,0,0,0,0,0,0,0,1,1,1,1,0,0,1,1,1,1,0,1,0,2.267857142857143,0.3407407407407408
0,11,0,0,0,1,0,0,0,0,0,0,1,1,1,1,0,0,1,1,1,1,0,0,1,2.267857142857143,0.3407407407407408
0,7,1,0,0,0,0,0,0,0,0,0,1,1,0,1,0,0,1,1,1,0,1,0,0,-3.875,-0.10606060606060608
0,-5,0,0,0,0,0,1,0,0,0,0,1,1,0,1,0,0,1,1,1,0,0,1,0,-3.875,-0.10606060606060608
0,5,0,0,0,1,0,0,0,0,0,0,1,1,0,1,0,0,1,1,1,0,0,0,1,-3.875,-0.10606060606060608
0,-7,0,0,0,0,0,0,0,1,0,0,1,1,0,0,0,1,0,0,1,0,0,1,0,0.25,0.09177309177309179
0,6,0,0,0,0,0,1,0,0,0,0,1,1,0,0,0,1,0,0,1,0,1,0,0,0.25,0.09177309177309179
1,-2,0,0,0,0,0,0,1,0,0,0,1,1,0,0,0,1,0,0,1,0,0,0,1,0.25,0.09177309177309179
0,-4,1,0,0,0,0,0,0,0,0,1,0,0,1,1,0,1,0,0,0,1,0,1,0,3.875,0.20098039215686275
0,5,0,0,0,0,0,1,0,0,0,1,0,0,1,1,0,1,0,0,0,1,1,0,0,3.875,0.20098039215686275
0,9,0,0,0,0,0,0,0,1,0,1,0,0,1,1,0,1,0,0,0,1,0,0,1,3.875,0.20098039215686275
0,2,0,1,0,0,0,0,0,0,0,0,1,0,1,1,0,0,1,0,1,1,0,1,0,3.7083333333333335,0.1630434782608695
0,-4,0,0,0,0,0,1,0,0,0,0,1,0,1,1,0,0,1,0,1,1,1,0,0,3.7083333333333335,0.1630434782608695
0,5,1,0,0,0,0,0,0,0,0,0,1,0,1,1,0,0,1,0,1,1,0,0,1,3.7083333333333335,0.1630434782608695
0,5,0,0,0,1,0,0,0,0,0,0,1,1,0,0,0,0,1,1,0,0,0,1,0,1.4642857142857142,0.11560283687943262
0,2,0,1,0,0,0,0,0,0,0,0,1,1,0,0,0,0,1,1,0,0,1,0,0,1.4642857142857142,0.11560283687943262
0,-2,0,0,0,0,0,1,0,0,0,0,1,1,1,0,0,0,1,1,1,0,0,1,0,3.0,0.08928571428571425
0,-2,0,0,0,0,0,0,0,0,0,0,1,1,1,0,0,0,1,1,1,0,1,0,0,3.0,0.08928571428571425
0,-3,1,0,0,0,0,0,0,0,0,1,0,0,1,1,0,1,0,0,1,1,0,1,0,0.08928571428571441,-0.03653169014084512
0,-8,0,0,0,0,1,0,0,0,0,1,0,0,1,1,0,1,0,0,1,1,1,0,0,0.08928571428571441,-0.03653169014084512
0,5,1,0,0,0,0,0,0,0,0,0,1,1,1,1,0,0,1,1,1,0,0,1,0,3.375,0.09174964438122335
0,9,0,0,0,0,0,0,0,0,0,0,1,1,1,1,0,0,1,1,1,0,1,0,0,3.375,0.09174964438122335
0,4,0,0,0,1,0,0,0,0,0,0,1,1,0,0,1,0,1,0,1,0,1,0,0,-1.9821428571428572,0.03826530612244894
0,-3,0,0,0,0,0,0,0,1,0,0,1,1,0,0,1,0,1,0,1,0,0,1,0,-1.9821428571428572,0.03826530612244894
0,7,0,1,0,0,0,0,0,0,0,0,1,1,0,0,1,0,1,0,1,0,0,0,1,-1.9821428571428572,0.03826530612244894
0,10,1,0,0,0,0,0,0,0,0,1,0,0,1,1,0,0,1,1,1,0,0,1,0,2.6785714285714284,0.11556023884791011
0,10,0,0,0,0,0,0,0,1,0,1,0,0,1,1,0,0,1,1,1,0,1,0,0,2.6785714285714284,0.11556023884791011
0,-6,0,0,0,0,0,0,0,0,0,0,1,1,1,1,0,1,0,0,0,0,1,0,0,-0.7142857142857144,-0.008682170542635648
0,-3,0,0,0,0,0,1,0,0,0,0,1,1,1,1,0,1,0,0,0,0,0,1,0,-0.7142857142857144,-0.008682170542635648
0,3,0,1,0,0,0,0,0,0,0,0,1,1,1,1,0,1,0,0,0,0,1,0,0,-0.7142857142857144,-0.008682170542635648
0,3,0,0,0,0,1,0,0,0,0,0,1,1,1,1,0,1,0,0,0,0,0,1,0,-0.7142857142857144,-0.008682170542635648
0,6,1,0,0,0,0,0,0,0,0,0,1,1,1,1,0,1,0,0,0,0,0,0,1,-0.7142857142857144,-0.008682170542635648
0,-7,0,0,0,1,0,0,0,0,0,0,1,1,0,0,1,0,1,0,1,0,1,0,0,2.8142857142857136,0.05919966996699677
1,2,0,1,0,0,0,0,0,0,0,0,1,1,0,0,1,0,1,0,1,0,0,1,0,2.8142857142857136,0.05919966996699677
1,2,0,0,0,0,0,1,0,0,0,0,1,1,0,0,1,0,1,0,1,0,1,0,0,2.8142857142857136,0.05919966996699677
0,7,0,0,0,0,1,0,0,0,0,0,1,1,0,0,1,0,1,0,1,0,0,1,0,2.8142857142857136,0.05919966996699677
1,-2,0,0,0,0,1,0,0,0,1,0,0,1,0,0,1,0,0,1,1,1,0,1,0,-4.999999999999999,0.02307692307692305
0,-2,0,0,0,0,0,1,0,0,1,0,0,1,0,0,1,0,0,1,1,1,1,0,0,-4.999999999999999,0.02307692307692305
0,3,0,0,0,0,0,0,0,1,1,0,1,0,0,1,0,1,1,1,1,1,1,0,0,-4.357142857142858,-0.019607843137254888
0,9,0,0,0,0,1,0,0,0,1,0,1,0,0,1,0,1,1,1,1,1,0,1,0,-4.357142857142858,-0.019607843137254888
0,8,0,0,0,0,0,0,0,1,1,0,0,0,1,0,1,0,0,0,1,1,0,1,0,1.7142857142857135,0.07738095238095244
0,6,0,1,0,0,0,0,0,0,1,0,0,0,1,0,1,0,0,0,1,1,1,0,0,1.7142857142857135,0.07738095238095244
0,6,1,0,0,0,0,0,0,0,1,0,0,0,0,1,1,0,0,0,0,0,1,0,0,-3.4642857142857144,0.09954233409610991
1,-2,0,0,0,0,0,1,0,0,1,0,0,0,0,1,1,0,0,0,0,0,0,1,0,-3.4642857142857144,0.09954233409610991
0,-8,0,0,0,0,0,0,0,1,1,0,0,0,0,1,1,0,0,0,0,0,0,0,1,-3.4642857142857144,0.09954233409610991
0,8,0,0,0,1,0,0,0,0,0,1,1,1,1,1,1,0,1,0,0,1,0,1,0,-0.047619047619047616,0.045454545454545525
1,-2,0,0,0,0,0,1,0,0,0,1,1,1,1,1,1,0,1,0,0,1,1,0,0,-0.047619047619047616,0.045454545454545525
0,-7,0,0,0,0,0,0,0,1,0,1,1,1,1,1,1,0,1,0,0,1,0,0,1,-0.047619047619047616,0.045454545454545525
0,-3,0,0,0,0,0,0,0,1,1,0,0,1,0,0,1,0,0,0,1,0,0,1,0,0.16666666666666652,-0.0071428571428572285
0,-7,0,0,0,0,1,0,0,0,1,0,0,1,0,0,1,0,0,0,1,0,1,0,0,0.16666666666666652,-0.0071428571428572285
0,6,0,0,0,0,0,0,1,0,1,0,0,1,1,0,1,0,0,0,1,1,0,1,0,1.8214285714285712,0.269195189639223
1,-2,0,1,0,0,0,0,0,0,1,0,0,1,1,0,1,0,0,0,1,1,1,0,0,1.8214285714285712,0.269195189639223
0,-6,0,0,0,0,1,0,0,0,1,0,0,1,1,0,1,0,0,0,1,1,0,0,1,1.8214285714285712,0.269195189639223
0,-2,0,0,0,0,0,0,1,0,1,0,0,0,1,1,1,0,1,0,0,1,1,0,0,0.9464285714285715,-0.23976608187134507
0,6,0,0,0,0,0,0,0,1,1,0,0,0,1,1,1,0,1,0,0,1,0,1,0,0.9464285714285715,-0.23976608187134507
0,-9,0,0,0,1,0,0,0,0,1,0,0,0,1,1,1,0,1,0,0,1,0,0,1,0.9464285714285715,-0.23976608187134507
1,2,0,0,0,0,0,0,1,0,1,0,1,0,0,0,1,0,1,0,0,0,0,1,0,0.33333333333333337,-0.11538461538461542
0,-4,0,1,0,0,0,0,0,0,1,0,1,0,0,0,1,0,1,0,0,0,1,0,0,0.33333333333333337,-0.11538461538461542
0,-7,1,0,0,0,0,0,0,0,1,0,1,0,0,0,1,0,1,0,0,0,0,0,1,0.33333333333333337,-0.11538461538461542
0,-5,0,0,0,0,0,0,0,1,1,0,0,0,0,0,1,0,0,1,0,0,1,0,0,3.388888888888889,-0.11992263056092856
1,-2,0,0,0,1,0,0,0,0,1,0,0,0,0,0,1,0,0,1,0,0,0,1,0,3.388888888888889,-0.11992263056092856
0,-2,0,0,0,0,0,1,0,0,1,0,0,1,1,0,1,0,0,1,0,1,1,0,0,-0.42857142857142794,0.1609756097560976
0,-8,0,0,0,1,0,0,0,0,1,0,0,1,1,0,1,0,0,1,0,1,0,1,0,-0.42857142857142794,0.1609756097560976
1,2,0,0,0,0,1,0,0,0,1,0,1,0,0,0,1,0,0,0,1,1,0,1,0,2.1428571428571432,-0.0053050397877983935
1,2,0,0,0,0,0,0,0,1,1,0,1,0,0,0,1,0,0,0,1,1,1,0,0,2.1428571428571432,-0.0053050397877983935
0,11,0,1,0,0,0,0,0,0,1,0,0,0,0,0,1,0,1,0,0,1,1,0,0,2.1111111111111107,-0.1474358974358974
0,-5,0,0,0,0,0,0,0,1,1,0,0,0,0,0,1,0,1,0,0,1,0,1,0,2.1111111111111107,-0.1474358974358974
0,7,0,0,0,1,0,0,0,0,1,0,0,0,0,0,1,0,1,0,0,1,0,0,1,2.1111111111111107,-0.1474358974358974
0,-2,0,1,0,0,0,0,0,0,1,0,0,1,0,0,0,1,1,1,1,1,1,0,0,-3.3809523809523814,0.04848484848484841
0,4,1,0,0,0,0,0,0,0,1,0,0,1,0,0,0,1,1,1,1,1,0,1,0,-3.3809523809523814,0.04848484848484841
0,-4,0,0,0,0,1,0,0,0,1,0,0,1,0,0,0,1,1,1,1,1,0,0,1,-3.3809523809523814,0.04848484848484841
0,-2,0,0,0,0,0,0,0,1,1,0,1,0,0,1,1,0,0,1,0,0,1,0,0,1.75,-0.13729128014842307
0,5,0,0,0,1,0,0,0,0,1,0,1,0,0,1,1,0,0,1,0,0,0,1,0,1.75,-0.13729128014842307
0,-6,1,0,0,0,0,0,0,0,1,0,1,0,0,1,1,0,0,1,0,0,0,0,1,1.75,-0.13729128014842307
0,2,0,0,0,0,0,1,0,0,1,0,0,0,1,0,1,0,0,1,0,1,1,0,0,0.5714285714285715,0.05212510024057748
0,2,1,0,0,0,0,0,0,0,1,0,0,0,1,0,1,0,0,1,0,1,0,1,0,0.5714285714285715,0.05212510024057748
0,4,0,0,0,0,0,1,0,0,1,0,0,1,1,0,1,0,0,0,0,0,0,1,0,-2.875,0.1575682382133995
0,7,0,1,0,0,0,0,0,0,1,0,0,1,1,0,1,0,0,0,0,0,1,0,0,-2.875,0.1575682382133995
0,-7,0,0,0,1,0,0,0,0,1,0,1,0,0,1,1,0,1,0,0,1,1,0,0,3.492063492063492,-0.10761904761904767
0,-9,0,0,0,0,0,0,0,1,1,0,1,0,0,1,1,0,1,0,0,1,0,1,0,3.492063492063492,-0.10761904761904767
0,4,0,0,0,0,0,1,0,0,1,0,0,1,0,0,1,0,0,1,0,0,0,1,0,-3.4107142857142856,-0.23251748251748255
0,7,0,0,0,0,0,0,0,1,1,0,0,1,0,0,1,0,0,1,0,0,1,0,0,-3.4107142857142856,-0.23251748251748255
0,-12,0,0,0,1,0,0,0,0,1,0,0,0,1,1,1,0,0,1,1,1,0,1,0,-3.303571428571429,-0.08444444444444443
0,-4,0,0,0,0,1,0,0,0,1,0,0,0,1,1,1,0,0,1,1,1,1,0,0,-3.303571428571429,-0.08444444444444443
0,-6,0,0,0,0,1,0,0,0,1,0,0,0,0,1,1,0,0,0,1,1,0,1,0,2.571428571428571,0.08730158730158732
0,-7,1,0,0,0,0,0,0,0,1,0,0,0,0,1,1,0,0,0,1,1,1,0,0,2.571428571428571,0.08730158730158732
0,2,0,0,0,0,0,1,0,0,0,1,1,1,1,0,1,0,0,0,0,1,1,0,0,1.1428571428571428,0.1681818181818182
0,-5,0,1,0,0,0,0,0,0,0,1,1,1,1,0,1,0,0,0,0,1,0,1,0,1.1428571428571428,0.1681818181818182
0,3,0,0,0,1,0,0,0,0,0,1,1,1,1,0,1,0,0,0,0,1,0,0,1,1.1428571428571428,0.1681818181818182
0,2,0,0,0,0,1,0,0,0,1,0,0,1,1,0,1,0,1,0,0,0,0,1,0,-4.0,0.044205495818399054
0,5,0,0,0,1,0,0,0,0,1,0,0,1,1,0,1,0,1,0,0,0,1,0,0,-4.0,0.044205495818399054
0,5,0,0,0,1,0,0,0,0,1,0,0,0,0,0,1,0,0,0,1,0,1,0,0,4.428571428571429,0.07535121328224781
0,10,0,0,0,0,1,0,0,0,1,0,0,0,0,0,1,0,0,0,1,0,0,1,0,4.428571428571429,0.07535121328224781
0,-8,0,0,0,0,1,0,0,0,1,0,0,0,1,1,1,0,0,1,0,0,1,0,0,-2.232142857142857,-0.24074074074074076
1,2,0,0,0,1,0,0,0,0,1,0,0,0,1,1,1,0,0,1,0,0,0,1,0,-2.232142857142857,-0.24074074074074076
0,9,1,0,0,0,0,0,0,0,1,0,0,0,1,1,1,0,0,1,0,0,0,0,1,-2.232142857142857,-0.24074074074074076
0,6,0,0,0,0,0,1,0,0,0,1,1,1,1,0,1,0,0,0,1,0,0,1,0,5.232142857142857,0.19515774027879684
0,3,0,0,0,0,0,0,0,1,0,1,1,1,1,0,1,0,0,0,1,0,1,0,0,5.232142857142857,0.19515774027879684
0,-4,0,0,0,0,0,0,0,1,1,0,0,0,0,0,1,0,1,0,0,0,0,1,0,5.428571428571429,0.0009775171065493637
0,-6,0,0,0,0,1,0,0,0,1,0,0,0,0,0,1,0,1,0,0,0,1,0,0,5.428571428571429,0.0009775171065493637
0,-10,1,0,0,0,0,0,0,0,0,1,1,1,1,1,1,0,1,0,0,1,0,1,0,-4.946428571428572,-0.03043322592194775
0,-2,0,0,0,1,0,0,0,0,0,1,1,1,1,1,1,0,1,0,0,1,1,0,0,-4.946428571428572,-0.03043322592194775
0,8,0,0,0,0,0,0,0,1,1,0,0,1,1,0,1,0,1,0,0,0,0,1,0,0.16666666666666652,0.06428571428571428
0,-6,0,1,0,0,0,0,0,0,1,0,0,1,1,0,1,0,1,0,0,0,1,0,0,0.16666666666666652,0.06428571428571428
0,3,0,0,0,0,0,1,0,0,1,0,0,1,1,0,1,0,1,0,0,0,0,0,1,0.16666666666666652,0.06428571428571428
0,-11,0,0,0,0,0,0,0,1,0,1,1,1,1,0,1,0,0,1,1,0,1,0,0,-0.2857142857142856,-0.0023263542705218576
0,-8,0,0,0,0,0,0,0,0,0,1,1,1,1,0,1,0,0,1,1,0,0,1,0,-0.2857142857142856,-0.0023263542705218576
0,10,1,0,0,0,0,0,0,0,0,1,1,1,1,1,1,0,1,0,0,0,0,1,0,-3.428571428571428,0.01605709188224802
1,-2,0,0,0,0,1,0,0,0,0,1,1,1,1,1,1,0,1,0,0,0,1,0,0,-3.428571428571428,0.01605709188224802
0,3,0,0,0,0,0,1,0,0,0,1,1,1,1,1,1,0,1,0,0,0,0,0,1,-3.428571428571428,0.01605709188224802
0,2,0,0,0,0,0,1,0,0,0,1,1,1,1,0,1,0,0,1,0,0,0,1,0,0.8333333333333333,0.036518563603164966
0,5,1,0,0,0,0,0,0,0,0,1,1,1,1,0,1,0,0,1,0,0,1,0,0,0.8333333333333333,0.036518563603164966
0,-5,0,0,0,0,0,0,0,0,0,1,1,1,1,0,1,0,0,1,0,0,0,1,0,0.8333333333333333,0.036518563603164966
0,-4,0,1,0,0,0,0,0,0,0,1,1,1,1,0,1,0,0,1,0,0,1,0,0,0.8333333333333333,0.036518563603164966
0,-5,0,0,0,1,0,0,0,0,0,1,1,1,1,0,1,0,0,1,0,0,0,0,1,0.8333333333333333,0.036518563603164966
0,4,0,0,0,0,0,0,0,1,1,0,0,1,1,0,1,0,0,1,0,0,1,0,0,3.8285714285714287,0.07071201370198188
0,-5,0,0,0,0,0,0,0,0,1,0,0,1,1,0,1,0,0,1,0,0,0,1,0,3.8285714285714287,0.07071201370198188
0,6,0,0,0,1,0,0,0,0,1,0,0,1,1,0,1,0,0,1,0,0,1,0,0,3.8285714285714287,0.07071201370198188
0,-4,0,0,0,0,1,0,0,0,1,0,0,1,1,0,1,0,0,1,0,0,0,1,0,3.8285714285714287,0.07071201370198188
0,5,0,1,0,0,0,0,0,0,1,0,0,1,1,0,1,0,0,1,0,0,0,0,1,3.8285714285714287,0.07071201370198188
0,6,0,0,0,0,0,0,1,0,0,1,0,1,0,0,0,1,0,1,1,1,0,1,0,-3.607142857142857,0.20728008088978772
0,-6,0,0,0,0,0,1,0,0,0,1,0,1,0,0,0,1,0,1,1,1,1,0,0,-3.607142857142857,0.20728008088978772
0,7,0,0,0,0,0,0,0,1,0,1,0,1,0,0,0,1,0,1,1,1,0,0,1,-3.607142857142857,0.20728008088978772
0,-4,1,0,0,0,0,0,0,0,0,1,1,0,1,0,0,1,1,0,1,1,1,0,0,-2.3766233766233764,-0.13611111111111113
0,2,0,1,0,0,0,0,0,0,0,1,1,0,1,0,0,1,1,0,1,1,0,1,0,-2.3766233766233764,-0.13611111111111113
0,-2,0,0,0,0,0,1,0,0,0,1,1,0,1,0,0,1,1,0,1,1,0,0,1,-2.3766233766233764,-0.13611111111111113
0,10,0,0,0,0,0,0,0,1,0,1,1,0,0,1,0,1,1,1,1,0,1,0,0,2.15,0.07540760869565222
0,8,0,1,0,0,0,0,0,0,0,1,1,0,0,1,0,1,1,1,1,0,0,1,0,2.15,0.07540760869565222
0,-12,0,0,0,0,0,0,1,0,0,1,0,1,0,1,0,1,1,0,0,0,0,1,0,2.333333333333333,0.03508771929824561
0,2,0,0,0,0,0,0,0,1,0,1,0,1,0,1,0,1,1,0,0,0,1,0,0,2.333333333333333,0.03508771929824561
0,2,0,0,1,0,0,0,0,0,0,1,0,1,0,1,0,1,1,0,0,0,0,0,1,2.333333333333333,0.03508771929824561
0,3,0,0,0,0,0,1,0,0,0,1,1,0,0,0,0,1,1,0,1,0,0,1,0,-1.2857142857142856,0.023148148148148084
1,2,0,0,0,0,1,0,0,0,0,1,1,0,0,0,0,1,1,0,1,0,1,0,0,-1.2857142857142856,0.023148148148148084
0,-7,0,0,0,0,0,1,0,0,0,1,1,0,1,0,0,1,0,1,0,1,0,1,0,-1.0,-0.1746031746031747
0,-8,0,0,0,0,0,0,0,1,0,1,1,0,1,0,0,1,0,1,0,1,1,0,0,-1.0,-0.1746031746031747
0,-2,1,0,0,0,0,0,0,0,0,1,0,1,1,0,0,1,1,1,0,0,1,0,0,-2.1607142857142856,-0.0017391304347825765
0,-8,0,0,0,0,0,1,0,0,0,1,0,1,1,0,0,1,1,1,0,0,0,1,0,-2.1607142857142856,-0.0017391304347825765
0,8,0,0,0,0,0,0,0,1,0,1,1,1,0,0,0,1,1,0,0,1,0,1,0,1.4722222222222223,-0.1013986013986014
1,2,0,0,0,0,1,0,0,0,0,1,1,1,0,0,0,1,1,0,0,1,1,0,0,1.4722222222222223,-0.1013986013986014
0,3,0,0,0,0,0,0,0,1,0,1,1,0,0,1,0,1,1,1,0,0,1,0,0,2.0142857142857142,0.10984848484848486
0,7,0,0,0,0,0,0,1,0,0,1,1,0,0,1,0,1,1,1,0,0,0,1,0,2.0142857142857142,0.10984848484848486
0,7,0,0,0,1,0,0,0,0,0,1,1,1,0,1,0,1,1,1,0,1,1,0,0,-1.1805555555555556,0.017642341619887647
0,-7,0,0,0,0,1,0,0,0,0,1,1,1,0,1,0,1,1,1,0,1,0,1,0,-1.1805555555555556,0.017642341619887647
0,6,0,0,0,0,0,1,0,0,0,1,1,1,0,1,0,1,1,1,0,1,0,0,1,-1.1805555555555556,0.017642341619887647
0,7,0,0,0,0,0,1,0,0,0,1,1,0,1,0,0,1,1,0,1,0,0,1,0,-5.285714285714286,-0.0752508361204014
0,8,1,0,0,0,0,0,0,0,0,1,1,0,1,0,0,1,1,0,1,0,1,0,0,-5.285714285714286,-0.0752508361204014
0,-4,0,0,0,0,0,1,0,0,0,1,0,1,1,0,0,1,1,0,0,1,0,1,0,-4.380952380952381,0.1064814814814814
0,-5,1,0,0,0,0,0,0,0,0,1,0,1,1,0,0,1,1,0,0,1,1,0,0,-4.380952380952381,0.1064814814814814
0,-2,0,0,0,0,0,0,0,1,0,1,1,1,0,0,0,1,1,0,0,0,1,0,0,1.1785714285714286,0.02380952380952378
0,-2,0,0,0,0,0,0,1,0,0,1,1,1,0,0,0,1,1,0,0,0,0,1,0,1.1785714285714286,0.02380952380952378
0,10,0,0,0,1,0,0,0,0,0,1,1,1,0,1,0,1,0,1,0,1,1,0,0,1.0,-0.030989824236817842
0,5,0,0,0,0,0,1,0,0,0,1,1,1,0,1,0,1,0,1,0,1,0,1,0,1.0,-0.030989824236817842
0,4,0,1,0,0,0,0,0,0,0,1,1,0,0,1,0,1,1,0,0,1,1,0,0,2.396825396825397,0.23868778280542985
1,-2,0,0,0,0,0,0,1,0,0,1,1,0,0,1,0,1,1,0,0,1,0,1,0,2.396825396825397,0.23868778280542985
0,4,0,0,0,1,0,0,0,0,0,1,1,0,0,1,0,1,1,0,0,1,0,0,1,2.396825396825397,0.23868778280542985
0,5,0,0,0,0,0,0,0,1,0,1,0,1,0,0,0,1,1,0,0,0,1,0,0,2.142857142857143,0.12
0,9,0,0,0,0,0,0,1,0,0,1,0,1,0,0,0,1,1,0,0,0,0,1,0,2.142857142857143,0.12
0,3,0,0,0,0,0,0,1,0,0,1,1,1,0,0,0,1,1,1,1,0,0,1,0,6.023809523809524,-0.11494252873563221
0,7,0,0,0,0,1,0,0,0,0,1,1,1,0,0,0,1,1,1,1,0,1,0,0,6.023809523809524,-0.11494252873563221
0,2,0,1,0,0,0,0,0,0,0,1,0,1,1,1,0,1,0,1,0,1,0,1,0,-1.8333333333333335,-0.15816326530612246
0,11,0,0,0,0,0,0,0,1,0,1,0,1,1,1,0,1,0,1,0,1,1,0,0,-1.8333333333333335,-0.15816326530612246
0,-6,1,0,0,0,0,0,0,0,0,1,1,0,1,0,0,1,1,1,0,1,1,0,0,0.9285714285714286,-0.09999999999999998
0,7,0,0,0,0,0,0,0,1,0,1,1,0,1,0,0,1,1,1,0,1,0,1,0,0.9285714285714286,-0.09999999999999998
0,-2,0,0,0,0,0,1,0,0,0,1,1,0,1,0,0,1,1,1,0,1,0,0,1,0.9285714285714286,-0.09999999999999998
0,6,0,0,0,0,0,0,0,1,0,1,1,0,0,1,0,1,1,0,0,0,1,0,0,5.142857142857142,0.2983354673495519
0,-3,0,0,0,0,1,0,0,0,0,1,1,0,0,1,0,1,1,0,0,0,0,1,0,5.142857142857142,0.2983354673495519
0,8,0,0,0,0,0,1,0,0,0,1,1,0,0,1,0,1,1,0,0,0,0,0,1,5.142857142857142,0.2983354673495519
0,9,0,0,0,0,0,0,1,0,0,1,0,1,0,0,0,1,1,0,0,1,0,1,0,3.333333333333333,0.12466843501326264
0,7,0,0,0,0,0,1,0,0,0,1,0,1,0,0,0,1,1,0,0,1,1,0,0,3.333333333333333,0.12466843501326264
0,-2,0,0,0,0,1,0,0,0,0,1,1,0,0,1,0,1,0,1,1,1,0,1,0,0.7083333333333335,0.28716216216216217
0,4,0,1,0,0,0,0,0,0,0,1,1,0,0,1,0,1,0,1,1,1,1,0,0,0.7083333333333335,0.28716216216216217
0,3,0,0,0,1,0,0,0,0,0,1,1,0,0,1,0,1,0,1,1,1,0,0,1,0.7083333333333335,0.28716216216216217
0,11,0,0,0,0,1,0,0,0,0,1,1,1,0,1,0,1,1,0,1,0,0,1,0,4.291666666666667,0.1291666666666667
0,4,0,0,0,1,0,0,0,0,0,1,1,1,0,1,0,1,1,0,1,0,1,0,0,4.291666666666667,0.1291666666666667
0,6,0,0,0,0,0,0,0,1,0,1,0,1,1,0,0,1,1,0,0,0,0,1,0,-1.833333333333333,0.05935483870967739
0,-5,1,0,0,0,0,0,0,0,0,1,0,1,1,0,0,1,1,0,0,0,1,0,0,-1.833333333333333,0.05935483870967739
0,2,0,0,0,0,0,0,1,0,0,1,0,1,1,0,0,1,1,0,0,0,0,0,1,-1.833333333333333,0.05935483870967739
0,9,0,0,0,0,1,0,0,0,0,1,1,0,0,0,0,1,0,1,0,1,1,0,0,2.1666666666666665,-0.015126050420168125
0,-4,0,0,0,0,0,1,0,0,0,1,1,0,0,0,0,1,0,1,0,1,0,1,0,2.1666666666666665,-0.015126050420168125
1,2,0,0,0,0,0,0,0,1,0,1,1,0,0,0,0,1,0,1,0,1,0,0,1,2.1666666666666665,-0.015126050420168125
0,-5,0,0,0,1,0,0,0,0,0,1,1,0,0,0,0,1,1,1,1,0,0,1,0,2.507936507936508,0.0851393188854489
0,8,0,0,0,0,0,0,0,1,0,1,1,0,0,0,0,1,1,1,1,0,1,0,0,2.507936507936508,0.0851393188854489
0,6,1,0,0,0,0,0,0,0,0,1,1,0,0,0,0,1,1,1,1,0,0,0,1,2.507936507936508,0.0851393188854489
0,-6,0,0,0,0,1,0,0,0,0,1,1,1,0,1,0,1,0,1,0,1,1,0,0,10.142857142857142,0.06148148148148147
1,2,0,0,0,0,0,0,0,1,0,1,1,1,0,1,0,1,0,1,0,1,0,1,0,10.142857142857142,0.06148148148148147
0,7,0,0,0,0,0,1,0,0,0,1,1,1,0,1,0,1,0,1,0,1,0,0,1,10.142857142857142,0.06148148148148147
1,2,0,0,0,0,1,0,0,0,0,1,1,0,0,1,0,1,1,1,0,1,0,1,0,0.5555555555555558,0.12575229648400377
0,-3,0,0,0,0,0,0,0,1,0,1,1,0,0,1,0,1,1,1,0,1,1,0,0,0.5555555555555558,0.12575229648400377
1,-2,0,1,0,0,0,0,0,0,0,1,1,0,0,1,0,1,1,1,0,1,0,0,1,0.5555555555555558,0.12575229648400377
1,-2,0,0,0,0,0,0,0,1,0,1,0,1,0,0,0,1,1,0,1,1,1,0,0,-1.3809523809523814,-0.02935010482180289
0,-8,0,0,0,1,0,0,0,0,0,1,0,1,0,0,0,1,1,0,1,1,0,1,0,-1.3809523809523814,-0.02935010482180289
0,-2,0,0,0,0,0,1,0,0,0,1,1,0,0,0,0,1,1,0,1,1,0,1,0,-1.8888888888888888,-0.054545454545454564
0,-7,0,0,0,0,0,0,0,1,0,1,1,0,0,0,0,1,1,0,1,1,1,0,0,-1.8888888888888888,-0.054545454545454564
0,3,0,0,0,0,0,0,0,0,0,1,1,0,0,1,0,1,1,1,0,0,0,1,0,-1.8888888888888886,0.11428571428571432
0,2,0,0,0,0,0,0,0,1,0,1,1,0,0,1,0,1,1,1,0,0,1,0,0,-1.8888888888888886,0.11428571428571432
0,-7,0,0,0,0,1,0,0,0,0,1,1,0,0,0,0,1,0,1,0,0,1,0,0,-0.5,-0.1367974549310711
0,9,0,0,0,0,0,0,0,1,0,1,1,0,0,0,0,1,0,1,0,0,0,1,0,-0.5,-0.1367974549310711
0,10,0,0,0,0,0,1,0,0,0,1,1,0,0,0,0,1,0,1,0,0,1,0,0,-0.5,-0.1367974549310711
0,4,0,0,0,1,0,0,0,0,0,1,1,0,0,0,0,1,0,1,0,0,0,1,0,-0.5,-0.1367974549310711
0,5,0,0,0,1,0,0,0,0,0,1,1,1,0,1,0,1,1,1,0,1,1,0,0,2.0317460317460316,0.07403508771929823
0,-4,1,0,0,0,0,0,0,0,0,1,1,1,0,1,0,1,1,1,0,1,0,1,0,2.0317460317460316,0.07403508771929823
0,4,0,0,0,0,0,1,0,0,0,1,1,1,0,1,0,1,1,1,0,1,1,0,0,2.0317460317460316,0.07403508771929823
0,10,0,1,0,0,0,0,0,0,0,1,1,1,0,1,0,1,1,1,0,1,0,1,0,2.0317460317460316,0.07403508771929823
0,-4,1,0,0,0,0,0,0,0,0,0,1,0,0,1,0,0,0,1,1,1,1,0,0,-4.416666666666667,-0.2184035476718404
0,-6,0,0,0,0,1,0,0,0,0,0,1,0,0,1,0,0,0,1,1,1,0,1,0,-4.416666666666667,-0.2184035476718404
0,5,0,0,0,0,0,1,0,0,0,0,0,1,1,1,1,0,1,1,0,0,0,1,0,0.4285714285714286,-0.007407407407407418
1,2,0,0,0,0,0,0,0,1,0,0,0,1,1,1,1,0,1,1,0,0,1,0,0,0.4285714285714286,-0.007407407407407418
1,2,0,0,0,0,1,0,0,0,0,0,0,1,1,0,0,0,0,1,0,0,1,0,0,-3.2857142857142865,-0.4695945945945946
1,2,0,0,0,1,0,0,0,0,0,0,0,1,1,0,0,0,0,1,0,0,0,1,0,-3.2857142857142865,-0.4695945945945946
0,6,0,0,0,0,0,1,0,0,0,0,0,0,1,1,0,0,1,0,0,0,1,0,0,1.375,0.05555555555555558
0,-7,0,0,0,0,0,0,0,1,0,0,0,0,1,1,0,0,1,0,0,0,0,1,0,1.375,0.05555555555555558
0,-2,0,0,0,0,1,0,0,0,0,0,0,0,1,1,0,0,1,0,0,0,0,0,1,1.375,0.05555555555555558
0,2,1,0,0,0,0,0,0,0,0,0,1,0,0,0,0,0,0,1,1,0,1,0,0,-3.392857142857143,0.03724137931034488
0,-8,0,0,0,0,1,0,0,0,0,0,1,0,0,0,0,0,0,1,1,0,0,1,0,-3.392857142857143,0.03724137931034488
0,5,0,0,0,0,0,1,0,0,0,0,1,0,0,0,0,0,0,1,1,0,0,0,1,-3.392857142857143,0.03724137931034488
0,8,0,1,0,0,0,0,0,0,0,0,1,0,1,0,0,0,0,0,0,1,0,1,0,3.0476190476190474,0.2539682539682539
0,9,0,0,0,0,0,1,0,0,0,0,1,0,1,0,0,0,0,0,0,1,1,0,0,3.0476190476190474,0.2539682539682539
0,2,0,0,0,0,0,1,0,0,0,0,0,1,1,1,0,0,1,0,0,1,0,1,0,4.208333333333333,0.08714285714285708
0,3,0,0,0,0,0,0,1,0,0,0,0,1,1,1,0,0,1,0,0,1,1,0,0,4.208333333333333,0.08714285714285708
0,6,1,0,0,0,0,0,0,0,0,0,0,0,1,1,0,0,0,0,1,0,0,1,0,3.857142857142857,0.1961382113821138
0,-2,0,0,0,0,0,1,0,0,0,0,0,0,1,1,0,0,0,0,1,0,1,0,0,3.857142857142857,0.1961382113821138
0,4,0,0,0,0,0,0,0,1,0,0,0,0,1,1,0,0,0,0,1,0,0,0,1,3.857142857142857,0.1961382113821138
0,3,0,1,0,0,0,0,0,0,0,0,0,1,0,0,0,0,0,1,0,0,0,1,0,2.7142857142857144,-0.005963029218843174
0,9,0,0,0,1,0,0,0,0,0,0,0,1,0,0,0,0,0,1,0,0,1,0,0,2.7142857142857144,-0.005963029218843174
0,-6,0,0,0,1,0,0,0,0,0,0,0,0,0,1,0,0,0,1,0,1,1,0,0,0.42857142857142794,0.020864381520119157
0,-5,0,1,0,0,0,0,0,0,0,0,0,0,0,1,0,0,0,1,0,1,0,1,0,0.42857142857142794,0.020864381520119157
0,8,0,0,0,1,0,0,0,0,0,0,0,1,1,1,0,0,0,1,1,0,0,1,0,4.285714285714286,0.1564039408866995
0,5,0,0,0,0,0,0,1,0,0,0,0,1,1,1,0,0,0,1,1,0,1,0,0,4.285714285714286,0.1564039408866995
0,-8,0,0,0,0,1,0,0,0,0,0,1,0,1,0,0,0,0,1,1,1,0,1,0,1.9464285714285714,-0.05603864734299513
0,-3,0,0,0,0,0,0,0,1,0,0,1,0,1,0,0,0,0,1,1,1,1,0,0,1.9464285714285714,-0.05603864734299513
0,2,0,0,0,1,0,0,0,0,0,0,0,0,1,1,0,0,0,0,0,1,1,0,0,2.791666666666667,0.3
0,-3,0,0,0,0,1,0,0,0,0,0,0,0,1,1,0,0,0,0,0,1,0,1,0,2.791666666666667,0.3
0,-4,0,1,0,0,0,0,0,0,0,0,0,0,1,1,0,0,0,0,0,1,0,0,1,2.791666666666667,0.3
0,-8,0,0,0,0,1,0,0,0,0,0,1,0,0,1,0,0,0,1,0,0,0,1,0,1.5714285714285716,-0.2402890695573623
0,-7,0,0,0,0,0,0,1,0,0,0,1,0,0,1,0,0,0,1,0,0,1,0,0,1.5714285714285716,-0.2402890695573623
0,-5,0,0,0,0,0,0,1,0,0,0,0,0,0,1,0,0,1,0,0,1,0,1,0,-2.261904761904761,0.0185185185185186
0,5,1,0,0,0,0,0,0,0,0,0,0,0,0,1,0,0,1,0,0,1,1,0,0,-2.261904761904761,0.0185185185185186
0,6,0,0,0,0,0,0,0,1,0,0,0,0,0,1,0,0,1,0,0,1,0,0,1,-2.261904761904761,0.0185185185185186
0,-9,0,0,0,0,0,1,0,0,0,0,1,0,0,0,0,0,1,0,0,1,0,1,0,-0.25,0.07301587301587298
1,2,1,0,0,0,0,0,0,0,0,0,1,0,0,0,0,0,1,0,0,1,1,0,0,-0.25,0.07301587301587298
0,8,0,0,0,0,0,0,1,0,0,0,1,0,0,0,0,0,1,0,0,1,0,0,1,-0.25,0.07301587301587298
0,-2,0,0,0,0,0,1,0,0,0,0,0,0,1,1,0,0,0,1,1,1,1,0,0,-5.5,-0.1063829787234043
0,-7,0,0,0,0,1,0,0,0,0,0,0,0,1,1,0,0,0,1,1,1,0,1,0,-5.5,-0.1063829787234043
0,-3,0,0,0,0,0,0,0,1,0,0,1,0,0,1,0,0,0,0,0,1,1,0,0,-3.5714285714285716,0.014992503748125885
0,-6,0,0,0,0,1,0,0,0,0,0,1,0,0,1,0,0,0,0,0,1,0,1,0,-3.5714285714285716,0.014992503748125885
0,10,1,0,0,0,0,0,0,0,0,0,0,0,0,1,0,0,0,1,1,0,1,0,0,1.2857142857142858,0.0851851851851852
0,-3,0,0,0,0,1,0,0,0,0,0,0,0,0,1,0,0,0,1,1,0,0,1,0,1.2857142857142858,0.0851851851851852
1,-2,0,0,0,0,0,0,0,1,0,0,0,0,0,1,0,0,0,1,1,0,0,0,1,1.2857142857142858,0.0851851851851852
0,-3,0,0,0,0,0,1,0,0,0,0,1,0,1,0,0,0,0,1,0,0,1,0,0,1.4523809523809523,-0.07813953488372094
0,3,0,1,0,0,0,0,0,0,0,0,1,0,1,0,0,0,0,1,0,0,0,1,0,1.4523809523809523,-0.07813953488372094
0,-6,1,0,0,0,0,0,0,0,0,0,1,0,1,0,0,0,0,1,0,0,0,0,1,1.4523809523809523,-0.07813953488372094
0,-6,0,0,0,0,1,0,0,0,0,0,0,0,1,0,0,0,1,0,0,1,1,0,0,-0.625,0.0
0,-3,0,0,0,0,0,0,1,0,0,0,0,0,1,0,0,0,1,0,0,1,0,1,0,-0.625,0.0
0,-4,0,1,0,0,0,0,0,0,0,0,1,0,1,0,0,0,0,0,1,0,1,0,0,4.571428571428571,0.2062211981566821
0,-11,0,0,0,0,0,1,0,0,0,0,1,0,1,0,0,0,0,0,1,0,0,1,0,4.571428571428571,0.2062211981566821
0,7,0,0,0,0,0,0,0,1,0,0,0,1,0,0,0,0,0,0,0,1,1,0,0,5.761904761904762,0.2922448979591837
0,7,0,0,0,0,1,0,0,0,0,0,0,1,0,0,0,0,0,0,0,1,0,1,0,5.761904761904762,0.2922448979591837
0,-12,1,0,0,0,0,0,0,0,0,0,0,0,1,1,0,0,0,1,0,0,1,0,0,-2.0357142857142856,-0.095829636202307
0,5,0,1,0,0,0,0,0,0,0,0,0,0,1,1,0,0,0,1,0,0,0,1,0,-2.0357142857142856,-0.095829636202307
0,3,0,0,0,0,0,1,0,0,0,0,0,0,1,1,0,0,0,1,0,0,0,0,1,-2.0357142857142856,-0.095829636202307
0,-7,0,1,0,0,0,0,0,0,0,0,0,1,1,1,0,0,0,1,0,1,0,1,0,2.791666666666667,0.08787878787878789
0,-4,0,0,0,0,0,1,0,0,0,0,0,1,1,1,0,0,0,1,0,1,1,0,0,2.791666666666667,0.08787878787878789
0,2,0,0,0,0,0,0,0,0,0,0,0,1,0,1,0,0,0,1,1,0,0,1,0,4.107142857142858,0.05714285714285722
0,-2,0,0,0,0,0,1,0,0,0,0,0,1,0,1,0,0,0,1,1,0,1,0,0,4.107142857142858,0.05714285714285722
0,7,0,0,0,1,0,0,0,0,0,0,0,1,0,1,0,0,0,1,1,0,0,0,1,4.107142857142858,0.05714285714285722
0,-6,0,0,0,1,0,0,0,0,0,0,0,1,1,1,0,0,0,1,0,0,1,0,0,-1.9583333333333333,0.06188281764318637
0,-3,1,0,0,0,0,0,0,0,0,0,0,1,1,1,0,0,0,1,0,0,0,1,0,-1.9583333333333333,0.06188281764318637
0,11,0,0,0,0,1,0,0,0,0,0,0,1,0,0,0,0,1,0,0,1,1,0,0,3.791666666666667,0.12745098039215685
0,9,0,0,0,0,0,0,0,1,0,0,0,1,0,0,0,0,1,0,0,1,0,1,0,3.791666666666667,0.12745098039215685
0,8,0,0,0,0,0,1,0,0,0,0,1,0,0,0,0,0,0,1,0,0,1,0,0,0.9107142857142856,-0.009803921568627416
0,3,0,0,0,0,0,0,0,0,0,0,1,0,0,0,0,0,0,1,0,0,0,1,0,0.9107142857142856,-0.009803921568627416
0,-5,0,0,0,0,1,0,0,0,0,0,0,1,0,0,0,0,0,1,0,1,1,0,0,3.8809523809523814,0.07008086253369272
0,-7,0,1,0,0,0,0,0,0,0,0,0,1,0,0,0,0,0,1,0,1,0,1,0,3.8809523809523814,0.07008086253369272
0,-4,0,0,0,0,1,0,0,0,0,0,0,1,0,1,0,0,0,1,0,0,0,1,0,-0.8571428571428571,-0.07216981132075473
0,2,0,0,0,0,0,1,0,0,0,0,0,1,0,1,0,0,0,1,0,0,1,0,0,-0.8571428571428571,-0.07216981132075473
0,2,1,0,0,0,0,0,0,0,0,0,0,1,0,1,0,0,0,1,0,0,0,0,1,-0.8571428571428571,-0.07216981132075473
0,10,0,0,0,0,1,0,0,0,0,0,0,1,0,0,0,0,1,0,0,1,1,0,0,5.291666666666666,0.12980972515856237
0,-2,0,0,0,1,0,0,0,0,0,0,0,1,0,0,0,0,1,0,0,1,0,1,0,5.291666666666666,0.12980972515856237
0,-6,0,0,0,0,0,0,0,1,0,0,0,1,0,0,0,0,1,0,0,1,1,0,0,5.291666666666666,0.12980972515856237
0,3,0,0,0,0,0,0,0,0,0,0,0,1,0,0,0,0,1,0,0,1,0,1,0,5.291666666666666,0.12980972515856237
0,3,1,0,0,0,0,0,0,0,0,0,0,1,0,0,0,0,1,0,0,1,0,0,1,5.291666666666666,0.12980972515856237
1,-2,0,0,0,0,0,1,0,0,0,0,1,0,0,0,0,0,0,1,1,1,1,0,0,3.8888888888888893,-0.033333333333333326
1,-2,0,0,0,1,0,0,0,0,0,0,1,0,0,0,0,0,0,1,1,1,0,1,0,3.8888888888888893,-0.033333333333333326
0,4,0,1,0,0,0,0,0,0,0,0,1,0,0,0,0,0,0,1,1,1,1,0,0,3.8888888888888893,-0.033333333333333326
0,-9,1,0,0,0,0,0,0,0,0,0,1,0,0,0,0,0,0,1,1,1,0,1,0,3.8888888888888893,-0.033333333333333326
0,5,0,0,0,1,0,0,0,0,0,0,1,1,0,0,0,0,0,0,1,1,0,1,0,3.7222222222222223,0.07291666666666663
0,6,1,0,0,0,0,0,0,0,0,0,1,1,0,0,0,0,0,0,1,1,1,0,0,3.7222222222222223,0.07291666666666663
1,-2,0,0,0,0,0,0,0,0,0,1,1,1,1,1,0,1,0,1,0,0,1,0,0,2.4786324786324787,-0.09786821705426363
0,4,0,1,0,0,0,0,0,0,0,1,1,1,1,1,0,1,0,1,0,0,0,1,0,2.4786324786324787,-0.09786821705426363
1,-2,0,0,0,0,0,1,0,0,0,1,1,1,1,1,0,1,0,1,0,0,0,0,1,2.4786324786324787,-0.09786821705426363
0,-11,0,0,0,1,0,0,0,0,0,0,1,1,1,1,0,0,1,0,0,1,0,1,0,2.05,0.09775641025641019
0,7,0,0,0,0,0,0,0,0,0,0,1,1,1,1,0,0,1,0,0,1,1,0,0,2.05,0.09775641025641019
0,7,0,1,0,0,0,0,0,0,0,0,1,1,1,1,0,0,1,0,0,1,0,0,1,2.05,0.09775641025641019
0,4,0,1,0,0,0,0,0,0,0,1,1,1,0,1,1,0,1,0,0,0,0,1,0,5.0,0.11075569772091165
0,9,0,0,0,0,0,1,0,0,0,1,1,1,0,1,1,0,1,0,0,0,1,0,0,5.0,0.11075569772091165
0,2,0,1,0,0,0,0,0,0,0,0,0,1,0,0,0,0,1,1,1,0,0,1,0,5.454545454545454,0.1615853658536585
0,5,1,0,0,0,0,0,0,0,0,0,0,1,0,0,0,0,1,1,1,0,1,0,0,5.454545454545454,0.1615853658536585
1,-2,1,0,0,0,0,0,0,0,0,1,1,0,0,0,1,0,1,0,0,1,0,1,0,0.7555555555555555,-0.05044699872286085
0,6,0,0,0,0,0,0,0,1,0,1,1,0,0,0,1,0,1,0,0,1,1,0,0,0.7555555555555555,-0.05044699872286085
0,-6,0,1,0,0,0,0,0,0,0,1,1,0,0,0,1,0,1,0,0,1,0,0,1,0.7555555555555555,-0.05044699872286085
0,5,0,0,0,0,1,0,0,0,0,0,1,0,0,0,0,1,0,0,0,0,0,1,0,1.0833333333333335,-0.03421052631578947
0,4,0,0,0,0,0,1,0,0,0,0,1,0,0,0,0,1,0,0,0,0,1,0,0,1.0833333333333335,-0.03421052631578947
0,4,0,0,0,0,0,1,0,0,1,0,0,1,1,0,0,1,1,1,0,0,0,1,0,2.8333333333333335,0.10397074190177635
0,3,0,1,0,0,0,0,0,0,1,0,0,1,1,0,0,1,1,1,0,0,1,0,0,2.8333333333333335,0.10397074190177635
0,2,0,0,0,0,0,0,0,0,0,0,1,1,0,0,0,1,0,1,0,0,0,1,0,3.777777777777778,0.032447758059435006
0,-2,0,0,0,0,0,1,0,0,0,0,1,1,0,0,0,1,0,1,0,0,1,0,0,3.777777777777778,0.032447758059435006
0,-3,0,1,0,0,0,0,0,0,0,0,1,1,0,0,0,1,0,1,0,0,0,0,1,3.777777777777778,0.032447758059435006
0,-2,0,0,0,0,0,0,0,0,0,1,1,1,0,1,1,0,1,0,1,0,0,1,0,4.458333333333333,0.053102453102453095
0,-7,0,0,0,0,0,1,0,0,0,1,1,1,0,1,1,0,1,0,1,0,1,0,0,4.458333333333333,0.053102453102453095
0,-3,0,1,0,0,0,0,0,0,0,0,0,1,0,0,1,0,1,0,0,1,0,1,0,4.581818181818182,0.0625931445603577
0,4,0,0,0,0,0,0,0,1,0,0,0,1,0,0,1,0,1,0,0,1,1,0,0,4.581818181818182,0.0625931445603577
0,-8,1,0,0,0,0,0,0,0,0,0,0,1,0,0,1,0,1,0,0,1,0,0,1,4.581818181818182,0.0625931445603577
0,5,0,0,0,0,1,0,0,0,1,0,0,1,1,0,0,0,0,1,0,1,0,1,0,2.055555555555556,0.05542986425339369
0,-2,0,0,0,1,0,0,0,0,1,0,0,1,1,0,0,0,0,1,0,1,1,0,0,2.055555555555556,0.05542986425339369
0,-2,0,1,0,0,0,0,0,0,1,0,0,1,1,0,0,0,0,1,0,1,0,0,1,2.055555555555556,0.05542986425339369
0,5,0,1,0,0,0,0,0,0,0,0,0,1,1,1,1,0,0,1,0,0,0,1,0,-5.243589743589744,0.042424242424242475
0,8,0,0,0,0,0,1,0,0,0,0,0,1,1,1,1,0,0,1,0,0,1,0,0,-5.243589743589744,0.042424242424242475
0,-4,0,0,0,0,0,1,0,0,1,0,0,0,1,0,0,0,1,0,0,1,0,1,0,-2.625,0.01778385772913821
0,-9,0,0,0,0,1,0,0,0,1,0,0,0,1,0,0,0,1,0,0,1,1,0,0,-2.625,0.01778385772913821
0,-7,0,0,0,0,0,1,0,0,0,1,0,0,1,0,0,1,1,1,0,1,1,0,0,-6.742424242424242,-0.06691146470828235
0,-5,0,0,0,0,0,0,0,1,0,1,0,0,1,0,0,1,1,1,0,1,0,1,0,-6.742424242424242,-0.06691146470828235
0,-2,0,0,0,0,0,0,0,1,0,1,0,1,0,0,0,1,0,0,0,0,1,0,0,-4.555555555555555,-0.08536585365853655
0,-7,0,1,0,0,0,0,0,0,0,1,0,1,0,0,0,1,0,0,0,0,0,1,0,-4.555555555555555,-0.08536585365853655
0,-4,0,0,0,0,0,1,0,0,0,0,1,1,0,0,0,0,0,0,1,1,0,1,0,2.5,0.07540106951871661
0,-7,0,0,0,0,1,0,0,0,0,0,1,1,0,0,0,0,0,0,1,1,1,0,0,2.5,0.07540106951871661
0,-2,0,0,0,0,0,0,0,1,0,1,1,1,0,1,0,0,1,0,0,1,0,1,0,2.175,0.12481857764876642
0,4,0,0,0,1,0,0,0,0,0,1,1,1,0,1,0,0,1,0,0,1,1,0,0,2.175,0.12481857764876642
0,8,0,0,0,0,0,1,0,0,0,1,1,1,0,1,0,0,1,0,0,1,0,0,1,2.175,0.12481857764876642
1,2,0,0,0,0,1,0,0,0,0,0,0,1,0,0,0,1,1,1,0,1,1,0,0,1.5555555555555556,0.09776467698354208
0,9,0,0,0,0,0,0,0,1,0,0,0,1,0,0,0,1,1,1,0,1,0,1,0,1.5555555555555556,0.09776467698354208
0,-10,0,0,0,0,1,0,0,0,1,0,0,1,1,0,0,1,0,0,0,0,1,0,0,1.7333333333333332,0.02448021462105965
0,5,0,0,0,0,0,0,0,1,1,0,0,1,1,0,0,1,0,0,0,0,0,1,0,1.7333333333333332,0.02448021462105965
0,9,0,0,0,0,0,1,0,0,1,0,0,1,1,0,0,1,0,0,0,0,0,0,1,1.7333333333333332,0.02448021462105965
1,-2,0,0,0,0,0,0,0,1,0,0,1,1,1,1,0,0,0,0,1,1,0,1,0,-1.2777777777777777,-0.0035087719298245723
0,-5,0,0,0,1,0,0,0,0,0,0,1,1,1,1,0,0,0,0,1,1,1,0,0,-1.2777777777777777,-0.0035087719298245723
0,-6,0,1,0,0,0,0,0,0,0,1,1,1,1,0,1,0,0,1,1,0,1,0,0,-1.3181818181818181,-0.0434966216216216
0,-3,0,0,0,0,0,0,0,1,0,1,1,1,1,0,1,0,0,1,1,0,0,1,0,-1.3181818181818181,-0.0434966216216216
1,-2,0,0,0,0,1,0,0,0,0,0,1,0,0,0,0,0,0,1,1,1,0,1,0,-1.6825396825396826,-0.05355590332116156
0,-8,0,0,0,0,0,0,0,0,0,0,1,0,0,0,0,0,0,1,1,1,1,0,0,-1.6825396825396826,-0.05355590332116156
0,10,0,0,0,0,0,1,0,0,0,1,1,0,0,1,0,1,1,0,1,1,0,1,0,-3.3,0.02365728900255748
1,2,0,0,0,0,0,0,0,0,0,1,1,0,0,1,0,1,1,0,1,1,1,0,0,-3.3,0.02365728900255748
0,10,0,0,0,0,0,1,0,0,0,0,1,1,1,1,1,0,1,0,0,1,0,1,0,0.7142857142857143,0.015665125834617433
0,8,0,0,0,0,0,0,0,0,0,0,1,1,1,1,1,0,1,0,0,1,1,0,0,0.7142857142857143,0.015665125834617433
0,-10,0,0,0,1,0,0,0,0,0,0,1,0,0,0,0,1,1,0,1,1,0,1,0,1.2857142857142856,-0.033734939759036076
0,-2,0,1,0,0,0,0,0,0,0,0,1,0,0,0,0,1,1,0,1,1,1,0,0,1.2857142857142856,-0.033734939759036076
0,4,0,0,0,1,0,0,0,0,0,0,0,1,1,1,1,0,0,1,1,0,0,1,0,3.416666666666667,-0.020467836257309857
0,-4,0,0,0,0,0,1,0,0,0,0,0,1,1,1,1,0,0,1,1,0,1,0,0,3.416666666666667,-0.020467836257309857
0,-7,0,0,0,0,0,0,0,1,0,0,0,1,1,1,1,0,0,1,1,0,0,0,1,3.416666666666667,-0.020467836257309857
1,2,0,0,0,0,1,0,0,0,0,0,0,1,0,0,0,1,0,1,0,0,1,0,0,0.125,-0.005100553774409766
0,3,0,0,0,0,0,1,0,0,0,0,0,1,0,0,0,1,0,1,0,0,0,1,0,0.125,-0.005100553774409766
0,2,0,0,0,0,0,0,0,1,0,0,0,1,1,1,0,1,1,0,1,1,1,0,0,0.1428571428571428,-0.011111111111111183
0,-4,0,1,0,0,0,0,0,0,0,0,0,1,1,1,0,1,1,0,1,1,0,1,0,0.1428571428571428,-0.011111111111111183
0,7,0,0,0,0,0,1,0,0,0,0,0,1,1,1,0,1,1,0,1,1,0,0,1,0.1428571428571428,-0.011111111111111183
0,-8,0,0,0,0,0,0,0,0,0,1,1,0,0,1,1,0,1,0,1,0,0,1,0,-1.9047619047619044,0.04525273224043713
0,8,0,0,0,0,0,0,0,1,0,1,1,0,0,1,1,0,1,0,1,0,1,0,0,-1.9047619047619044,0.04525273224043713
0,3,0,0,0,0,1,0,0,0,0,1,1,0,0,1,1,0,1,0,1,0,0,0,1,-1.9047619047619044,0.04525273224043713
1,-2,0,0,0,0,1,0,0,0,1,0,0,1,1,0,0,0,0,1,1,1,0,1,0,-1.833333333333333,-0.020421940928269988
0,9,0,0,0,0,0,1,0,0,1,0,0,1,1,0,0,0,0,1,1,1,1,0,0,-1.833333333333333,-0.020421940928269988
0,2,0,0,0,0,0,0,0,0,1,0,0,1,1,0,0,0,0,1,1,1,0,0,1,-1.833333333333333,-0.020421940928269988
0,-5,0,0,0,1,0,0,0,0,0,1,1,0,0,1,0,0,0,0,1,1,0,1,0,0.8035714285714286,0.03379953379953382
0,4,0,0,0,0,1,0,0,0,0,1,1,0,0,1,0,0,0,0,1,1,1,0,0,0.8035714285714286,0.03379953379953382
0,6,0,0,0,0,0,0,0,0,0,1,1,0,0,1,0,0,0,0,1,1,0,0,1,0.8035714285714286,0.03379953379953382
0,-6,0,0,0,0,1,0,0,0,0,0,0,1,0,0,0,1,0,1,0,0,1,0,0,0.4821428571428571,0.0037707390648568095
1,-2,0,0,0,0,0,0,0,1,0,0,0,1,0,0,0,1,0,1,0,0,0,1,0,0.4821428571428571,0.0037707390648568095
0,4,0,0,0,0,0,0,0,0,0,0,0,1,0,0,0,1,0,1,0,0,1,0,0,0.4821428571428571,0.0037707390648568095
0,-10,0,0,0,0,0,1,0,0,0,0,0,1,0,0,0,1,0,1,0,0,0,1,0,0.4821428571428571,0.0037707390648568095
0,-7,0,0,0,1,0,0,0,0,1,0,0,1,1,0,0,1,0,1,0,0,1,0,0,0.9249999999999998,-0.007363092498849477
0,9,0,0,0,0,0,0,0,1,1,0,0,1,1,0,0,1,0,1,0,0,0,1,0,0.9249999999999998,-0.007363092498849477
0,4,0,0,0,0,0,1,0,0,1,0,0,1,1,0,0,1,0,1,0,0,1,0,0,0.9249999999999998,-0.007363092498849477
0,-2,0,1,0,0,0,0,0,0,1,0,0,1,1,0,0,1,0,1,0,0,0,1,0,0.9249999999999998,-0.007363092498849477
0,4,0,0,0,0,0,0,0,0,1,0,0,1,1,0,0,1,0,1,0,0,0,0,1,0.9249999999999998,-0.007363092498849477
